date,precip_total_mm,precip_max_1h_mm,precip_max_3h_mm,precip_max_6h_mm,precip_hours_available,instant_hours_available,temperature_mean_c,temperature_max_c,temperature_min_c,dewpoint_mean_c,relative_humidity_mean_pct,wind_mean_ms,wind_max_ms,surface_pressure_mean_hpa,precip_5day_mm,zone_id,ciudad,provincia,region,rol,latitud_solicitada,longitud_solicitada,dif_1h_3h,dif_3h_6h
1991-09-19,0.2235353,0.21401048,0.21401047706604,0.21401047706604,24,24,23.448645,28.768372,20.21817,17.808403,71.74238,2.4748044,3.5573325,1012.1045,2.1181881427764893,guayaquil,Guayaquil,Guayas,Litoral,desarrollo,-2.170998,-79.922359,2.9339599916244907e-09,0.0
1993-08-11,0.14861226,0.10404736,0.1040473580360412,0.1040473580360412,24,24,22.558746,26.413544,20.068329,17.969227,75.85183,2.0659823,2.7293768,1012.1179,0.2443626523017883,guayaquil,Guayaquil,Guayas,Litoral,desarrollo,-2.170998,-79.922359,1.9639588011433062e-09,0.0
1994-12-15,0.14831498,0.12271479,0.1227147877216339,0.1234002411365509,24,24,24.99317,29.30606,22.475311,20.554132,76.93839,1.9863877,3.011784,1008.8698,16.87878729403019,guayaquil,Guayaquil,Guayas,Litoral,desarrollo,-2.170998,-79.922359,2.2783661068892513e-09,-0.0006854534149170061
2013-09-04,0.16437285,0.15252829,0.1525282859802246,0.1525282859802246,24,24,22.549734,27.947601,19.735748,18.29679,77.71717,2.6173685,3.889111,1012.7842,0.9744382379576564,guayaquil,Guayaquil,Guayas,Litoral,desarrollo,-2.170998,-79.922359,4.019775401431502e-09,0.0
2016-04-29,0.1270026,0.09286404,0.0928640365600586,0.1732036471366882,24,24,26.184814,30.326935,23.620941,22.748789,82.37912,1.3414601,2.971623,1009.57733,46.16803735494614,guayaquil,Guayaquil,Guayas,Litoral,desarrollo,-2.170998,-79.922359,3.4399414011732077e-09,-0.08033961057662961
2020-11-15,0.1363971,0.06586686,0.0658668577671051,0.0658668577671051,24,24,23.47474,28.218964,21.11148,17.876945,71.5101,2.8350744,4.3814445,1013.42706,0.1739122569561004,guayaquil,Guayaquil,Guayas,Litoral,desarrollo,-2.170998,-79.922359,2.232894896758708e-09,0.0
2023-09-09,0.34522414,0.3167987,0.3167986869812011,0.3167986869812011,24,24,25.580343,30.464996,22.102234,20.597044,75.35427,2.1336162,3.1880276,987.12573,4.181609287858009,esmeraldas,Esmeraldas,Esmeraldas,Litoral,desarrollo,0.85,-79.6,1.3018798872277415e-08,0.0
1994-11-23,0.06642162,0.06556325,0.0655632466077804,0.0655633160135948,24,24,25.46002,32.657013,21.222229,18.047586,66.73098,2.217155,4.07643,992.72314,0.3085625097155571,portoviejo,Portoviejo,Manabí,Litoral,desarrollo,-1.054581,-80.454454,3.3922196024382956e-09,-6.940581440129101e-08
2008-10-07,0.14996082,0.14112145,0.1411214470863342,0.1411214470863342,24,24,23.795935,29.605225,20.399384,18.34016,72.80189,1.7851325,2.7638748,993.5893,0.9876821935176848,portoviejo,Portoviejo,Manabí,Litoral,desarrollo,-1.054581,-80.454454,2.9136658086237333e-09,0.0
2012-07-17,0.20022094,0.14574826,0.1457482576370239,0.1458227634429931,24,24,24.480753,29.202942,21.37265,19.215412,73.43489,1.5933286,2.6028376,991.07904,0.951180711388588,portoviejo,Portoviejo,Manabí,Litoral,desarrollo,-1.054581,-80.454454,2.362976092573632e-09,-7.450580596921053e-05
2014-10-07,0.13698786,0.1330562,0.1330561935901641,0.1331120729446411,24,24,24.228958,29.478912,21.231995,17.62224,67.83137,2.1758606,3.405961,992.63165,0.5297449515201151,portoviejo,Portoviejo,Manabí,Litoral,desarrollo,-1.054581,-80.454454,6.409835912046802e-09,-5.587935447701198e-05
2016-10-12,0.12386447,0.11186302,0.1118630170822143,0.111865997496352,24,24,24.402094,30.104767,21.170929,18.304106,70.16099,1.7134924,2.629982,991.9824,0.6113231335766613,portoviejo,Portoviejo,Manabí,Litoral,desarrollo,-1.054581,-80.454454,2.9177856936124513e-09,-2.980414137696008e-06
2021-04-24,0.6690806,0.6581247,0.6581246852874756,0.6581312663911376,24,24,25.066666,29.828278,21.785553,21.391861,81.34352,1.2817477,2.8809848,991.9559,4.699228823184967,portoviejo,Portoviejo,Manabí,Litoral,desarrollo,-1.054581,-80.454454,1.4712524420978923e-08,-6.581103662028909e-06
2022-09-10,0.12954473,0.12534857,0.1253485679626464,0.1253485679626464,24,24,22.692759,28.99118,19.307098,17.170671,72.27273,1.8101473,2.9740155,993.82275,0.3938181456178427,portoviejo,Portoviejo,Manabí,Litoral,desarrollo,-1.054581,-80.454454,2.0373535913886798e-09,0.0
2023-09-14,0.14530271,0.13613701,0.1361370086669922,0.1368671655654907,24,24,25.069818,30.652008,22.224915,19.18083,71.22613,2.3279297,3.3153613,991.42676,0.1715817210497334,portoviejo,Portoviejo,Manabí,Litoral,desarrollo,-1.054581,-80.454454,1.3330078152407054e-09,-0.0007301568984985074
2023-09-26,0.83279383,0.41819364,0.4181936383247375,0.4182644188404083,24,24,25.496408,31.050446,22.622345,19.383533,70.24965,1.93847,3.5926018,992.6901,0.8694259868934751,portoviejo,Portoviejo,Manabí,Litoral,desarrollo,-1.054581,-80.454454,1.6752624842908403e-09,-7.078051567083188e-05
1994-04-04,0.18753408,0.14933944,0.1493394374847412,0.3767907619476318,24,24,23.56453,25.1557,22.585175,20.894018,85.16842,2.1513531,3.321266,1006.50714,7.562540724873543,salinas,Salinas,Santa Elena,Litoral,desarrollo,-2.2,-80.9,2.5152587790344683e-09,-0.22745132446289057
2000-05-20,0.41627982,0.39739907,0.3973990678787231,0.3974020473833661,24,24,22.01922,23.819672,21.007233,19.768911,87.17176,2.5173874,4.947641,1009.09546,24.260047525167465,salinas,Salinas,Santa Elena,Litoral,desarrollo,-2.2,-80.9,2.1212769318879054e-09,-2.979504643008113e-06
2002-05-31,0.15621632,0.06952137,0.0695213675498962,0.0742450356483459,24,24,23.849817,26.149933,22.644867,20.509924,81.74594,3.0056083,4.9424176,1008.0611,0.5360069004818797,salinas,Salinas,Santa Elena,Litoral,desarrollo,-2.2,-80.9,2.4501038003998943e-09,-0.004723668098449707
2005-10-23,0.11114846,0.09699166,0.0969916582107544,0.0969916582107544,24,24,21.162943,24.376007,19.493652,16.991388,77.498,3.571991,5.375557,1009.07275,1.5492400375660509,salinas,Salinas,Santa Elena,Litoral,desarrollo,-2.2,-80.9,1.7892455989043654e-09,0.0
2006-04-23,0.060507648,0.05836785,0.0583678483963012,0.1630783081054687,24,24,22.50231,25.193726,20.65158,18.576231,78.83978,2.757961,4.399714,1005.64056,0.4724964424967766,salinas,Salinas,Santa Elena,Litoral,desarrollo,-2.2,-80.9,1.6036987987577689e-09,-0.1047104597091675
2008-08-20,0.78104883,0.3733635,0.3733634948730469,0.3840923309326172,24,24,22.302721,24.625122,21.076324,19.016739,81.862206,4.623792,5.3720374,1008.0925,3.275735735893249,salinas,Salinas,Santa Elena,Litoral,desarrollo,-2.2,-80.9,5.126953139811263e-09,-0.010728836059570312
2018-09-14,0.26908517,0.15320629,0.1532062888145446,0.1540705561637878,24,24,22.691858,25.342499,21.25296,18.992067,80.04165,3.7556593,5.1023746,1008.0517,2.122177228331566,salinas,Salinas,Santa Elena,Litoral,desarrollo,-2.2,-80.9,1.1854554005097384e-09,-0.0008642673492431918
2018-11-26,0.37165284,0.22658706,0.2265870571136474,0.228303670824971,24,24,23.003088,26.120605,21.566864,19.38422,80.466125,4.492865,5.4432077,1008.021,0.6952568888664246,salinas,Salinas,Santa Elena,Litoral,desarrollo,-2.2,-80.9,2.8863526013722662e-09,-0.001716613711323589
2019-04-21,0.08539893,0.06695092,0.0669509172439575,0.0699535012245178,24,24,25.801298,28.146973,24.206757,21.579824,78.01582,2.8747635,4.8047857,1008.3762,4.389841988682747,salinas,Salinas,Santa Elena,Litoral,desarrollo,-2.2,-80.9,2.7560424914474524e-09,-0.003002583980560289
2022-10-15,0.38151443,0.3162846,0.3162845969200134,0.3171414136886596,24,24,20.520891,23.802948,18.904114,16.137978,76.31608,3.6967747,5.8015027,1009.4118,0.7330300826579332,salinas,Salinas,Santa Elena,Litoral,desarrollo,-2.2,-80.9,3.0799865990971398e-09,-0.0008568167686461847
2025-06-04,0.29887408,0.20449609,0.2044960856437683,0.2101734280586242,24,24,22.375748,25.036835,19.14267,19.203709,82.801476,1.3855997,2.3571002,958.3265,0.9809792563319206,santo_domingo,Santo Domingo,Santo Domingo de los Tsáchilas,Transición Litoral-Sierra,validacion_espacial,-0.25305,-79.17536,4.356231680935352e-09,-0.0056773424148559015
1992-02-03,0.10551438,0.06721914,0.0672191381454467,0.096730887889862,24,24,28.178934,34.157806,22.905579,20.78882,66.325554,1.2962145,1.8364613,970.41754,3.8849244117736816,nueva_loja,Nueva Loja,Sucumbíos,Amazonía,validacion_espacial,0.08472,-76.88278,1.8545533025937644e-09,-0.02951174974441531
2001-08-12,0.06996393,0.06952882,0.0695288181304931,0.0695288181304931,24,24,23.136114,28.67508,18.830536,20.185326,85.303986,0.34481466,0.66366327,978.8028,24.23862236738205,nueva_loja,Nueva Loja,Sucumbíos,Amazonía,validacion_espacial,0.08472,-76.88278,1.8695069103902284e-09,0.0
2002-03-08,0.45600682,0.31076372,0.3107637166976928,0.3107637166976928,24,24,25.985123,30.723602,21.512817,21.181692,77.090256,1.2765545,2.086658,974.30475,23.49979668855667,nueva_loja,Nueva Loja,Sucumbíos,Amazonía,validacion_espacial,0.08472,-76.88278,3.302307205466093e-09,0.0
2003-01-24,0.08325093,0.0718236,0.0718235969543457,0.0764280557632446,24,24,26.656021,31.657745,23.60141,21.011885,72.917366,1.050854,1.5534502,974.2015,6.97117467969656,nueva_loja,Nueva Loja,Sucumbíos,Amazonía,validacion_espacial,0.08472,-76.88278,3.045654298206024e-09,-0.004604458808898898
2005-10-18,2.0970292,1.023166,1.023165941238403,1.034282147884369,24,24,24.82492,29.117157,22.03064,22.255806,86.8196,0.9926128,1.5359906,974.2317,44.68446397781372,nueva_loja,Nueva Loja,Sucumbíos,Amazonía,validacion_espacial,0.08472,-76.88278,5.876159692164151e-08,-0.011116206645965798
2007-02-15,0.30341297,0.1648143,0.164814293384552,0.1660063862800598,24,24,27.281952,33.27005,22.974762,22.186686,75.90018,1.1069422,1.7816538,971.4438,21.09468948841095,nueva_loja,Nueva Loja,Sucumbíos,Amazonía,validacion_espacial,0.08472,-76.88278,6.615447994962054e-09,-0.0011920928955077847
2013-08-30,0.6635452,0.54611266,0.5461126565933228,0.5461126565933228,24,24,23.440619,29.08252,19.184906,20.274168,83.81074,0.5967476,1.102328,979.20795,52.07792192697525,nueva_loja,Nueva Loja,Sucumbíos,Amazonía,validacion_espacial,0.08472,-76.88278,3.4066772736096596e-09,0.0
2014-09-10,0.46711564,0.31912327,0.3191232681274414,0.3283619876019656,24,24,25.072657,31.034882,20.285309,21.631918,83.205444,0.66968393,1.1653608,973.925,24.529415369033813,nueva_loja,Nueva Loja,Sucumbíos,Amazonía,validacion_espacial,0.08472,-76.88278,1.8725586081735912e-09,-0.009238719474524204
2014-10-04,0.28333068,0.28333068,0.2833306789398193,0.2833306789398193,24,24,24.971968,30.886963,19.78595,21.793997,84.512375,0.5090055,1.5181603,974.5637,11.834571242332458,nueva_loja,Nueva Loja,Sucumbíos,Amazonía,validacion_espacial,0.08472,-76.88278,1.0601807209908998e-09,0.0
2020-10-11,1.6604453,1.3381541,1.3381540775299072,1.4091283082962036,24,24,25.658056,32.20346,20.347015,21.78998,81.34695,0.7604432,1.2665445,975.615,14.682776749134064,nueva_loja,Nueva Loja,Sucumbíos,Amazonía,validacion_espacial,0.08472,-76.88278,2.247009267541955e-08,-0.07097423076629639
2022-12-12,0.8012906,0.5099848,0.5099847912788391,0.5099847912788391,24,24,25.446318,31.25119,20.332184,21.432764,80.60017,0.8418281,1.7168132,973.90063,12.236005276441574,nueva_loja,Nueva Loja,Sucumbíos,Amazonía,validacion_espacial,0.08472,-76.88278,8.721160904556768e-09,0.0
2024-08-21,0.1385212,0.1385212,0.1385211944580078,0.1385211944580078,24,24,25.905975,31.76944,20.241058,21.079077,77.19486,0.57692385,1.2887077,976.1216,1.7107282280921936,nueva_loja,Nueva Loja,Sucumbíos,Amazonía,validacion_espacial,0.08472,-76.88278,5.541992198487833e-09,0.0
2024-08-30,0.14828146,0.11403859,0.1140385866165161,0.1269727945327758,24,24,25.74153,32.183685,20.37027,20.431555,75.361786,0.6474103,1.2811277,977.187,10.729771912097933,nueva_loja,Nueva Loja,Sucumbíos,Amazonía,validacion_espacial,0.08472,-76.88278,3.3834838958357594e-09,-0.012934207916259696
2025-01-12,0.42653084,0.18319488,0.183194875717163,0.2148747444152832,24,24,26.193197,31.792084,21.49759,21.659088,78.25464,0.9034441,1.6612307,974.15704,7.990996956825256,nueva_loja,Nueva Loja,Sucumbíos,Amazonía,validacion_espacial,0.08472,-76.88278,4.282837001712281e-09,-0.0316798686981202
2015-12-21,0.1621423,0.11404604,0.114046037197113,0.1151114702224731,24,24,20.074953,23.895416,16.540497,15.536019,75.65722,0.9381042,1.746111,881.40936,28.432903319597244,macas,Macas,Morona Santiago,Amazonía,validacion_espacial,-2.30868,-78.11135,2.8028870058260935e-09,-0.0010654330253601074
