fase,modelo,config_id,macro_f1_cv_mean,macro_f1_cv_std,balanced_accuracy_cv_mean,recall_alta_cv_mean,seconds,params
B,MLP,17,0.35716629245965126,0.033201016461093184,0.35865788919795494,0.38620306088131784,10.621111700005713,"{""model__validation_fraction"": 0.2, ""model__n_iter_no_change"": 25, ""model__learning_rate_init"": 5e-05, ""model__hidden_layer_sizes"": [256, 128, 64], ""model__batch_size"": 128, ""model__alpha"": 2.9999999999999997e-05, ""model__activation"": ""relu""}"
B,MLP,5,0.3536782756891488,0.006215173580702872,0.35581273034234984,0.3736892200145756,15.859920000002603,"{""model__validation_fraction"": 0.12, ""model__n_iter_no_change"": 25, ""model__learning_rate_init"": 0.00015000000000000001, ""model__hidden_layer_sizes"": [192, 96], ""model__batch_size"": 32, ""model__alpha"": 0.0009, ""model__activation"": ""relu""}"
B,MLP,18,0.35275039479390075,0.0150258199740709,0.3559667477796447,0.3911034288207465,20.705644900008338,"{""model__validation_fraction"": 0.2, ""model__n_iter_no_change"": 20, ""model__learning_rate_init"": 0.00015000000000000001, ""model__hidden_layer_sizes"": [192, 96], ""model__batch_size"": 32, ""model__alpha"": 0.0029999999999999996, ""model__activation"": ""relu""}"
B,MLP,15,0.3497590340092061,0.029008877366611015,0.35299978668550835,0.37436025628619896,3.36364210001193,"{""model__validation_fraction"": 0.2, ""model__n_iter_no_change"": 20, ""model__learning_rate_init"": 0.0001, ""model__hidden_layer_sizes"": [96], ""model__batch_size"": 64, ""model__alpha"": 0.0029999999999999996, ""model__activation"": ""tanh""}"
B,MLP,4,0.3472071165959016,0.017113393958952387,0.3490232152086639,0.37170880034393244,3.015003799999249,"{""model__validation_fraction"": 0.2, ""model__n_iter_no_change"": 15, ""model__learning_rate_init"": 0.00030000000000000003, ""model__hidden_layer_sizes"": [128], ""model__batch_size"": 128, ""model__alpha"": 2.9999999999999997e-05, ""model__activation"": ""tanh""}"
B,MLP,25,0.34628190835684863,0.010166026944973084,0.34917104111307423,0.40648688633561064,2.6595001999958185,"{""model__validation_fraction"": 0.2, ""model__n_iter_no_change"": 15, ""model__learning_rate_init"": 0.0001, ""model__hidden_layer_sizes"": [128], ""model__batch_size"": 128, ""model__alpha"": 0.0009, ""model__activation"": ""tanh""}"
B,MLP,11,0.3450575708404061,0.02052149613630326,0.3476983803940255,0.35249281462873694,5.8264332999970065,"{""model__validation_fraction"": 0.15, ""model__n_iter_no_change"": 10, ""model__learning_rate_init"": 0.0001, ""model__hidden_layer_sizes"": [128, 64], ""model__batch_size"": 32, ""model__alpha"": 9.999999999999999e-05, ""model__activation"": ""relu""}"
B,MLP,23,0.3415711803056686,0.012545398859555424,0.34406723769693814,0.39177547446908473,8.718414500006475,"{""model__validation_fraction"": 0.2, ""model__n_iter_no_change"": 25, ""model__learning_rate_init"": 5e-05, ""model__hidden_layer_sizes"": [128], ""model__batch_size"": 32, ""model__alpha"": 0.0029999999999999996, ""model__activation"": ""tanh""}"
B,MLP,16,0.341397306009877,0.031121439872274784,0.34464781451657306,0.3643960295743994,14.983189300008235,"{""model__validation_fraction"": 0.15, ""model__n_iter_no_change"": 10, ""model__learning_rate_init"": 0.0001, ""model__hidden_layer_sizes"": [256, 128, 64], ""model__batch_size"": 32, ""model__alpha"": 0.0029999999999999996, ""model__activation"": ""relu""}"
B,MLP,2,0.3411673929690237,0.02789138001899185,0.3424217375045336,0.3547726357333492,3.081547199995839,"{""model__validation_fraction"": 0.15, ""model__n_iter_no_change"": 25, ""model__learning_rate_init"": 0.00015000000000000001, ""model__hidden_layer_sizes"": [96], ""model__batch_size"": 128, ""model__alpha"": 2.9999999999999997e-05, ""model__activation"": ""tanh""}"
B,MLP,24,0.3401336550771817,0.013131629998288532,0.3486471476211136,0.36114106973781845,7.201665600005072,"{""model__validation_fraction"": 0.2, ""model__n_iter_no_change"": 20, ""model__learning_rate_init"": 3.3333333333333335e-05, ""model__hidden_layer_sizes"": [192, 96, 48], ""model__batch_size"": 128, ""model__alpha"": 9.999999999999999e-05, ""model__activation"": ""tanh""}"
B,MLP,13,0.337053655845561,0.015669222319288807,0.34462255373313144,0.35082379049414497,7.059925299996394,"{""model__validation_fraction"": 0.2, ""model__n_iter_no_change"": 15, ""model__learning_rate_init"": 5e-05, ""model__hidden_layer_sizes"": [192, 96, 48], ""model__batch_size"": 64, ""model__alpha"": 0.0029999999999999996, ""model__activation"": ""tanh""}"
B,MLP,8,0.3369672980426002,0.014284757771017096,0.3453054803153262,0.3444172520487716,4.302061599999433,"{""model__validation_fraction"": 0.2, ""model__n_iter_no_change"": 10, ""model__learning_rate_init"": 5e-05, ""model__hidden_layer_sizes"": [192, 96, 48], ""model__batch_size"": 128, ""model__alpha"": 2.9999999999999997e-05, ""model__activation"": ""tanh""}"
B,MLP,1,0.33506422193243973,0.02176179860810692,0.3381949693567476,0.3662022067644104,4.83400130001246,"{""model__validation_fraction"": 0.12, ""model__n_iter_no_change"": 20, ""model__learning_rate_init"": 0.00015000000000000001, ""model__hidden_layer_sizes"": [128, 64], ""model__batch_size"": 128, ""model__alpha"": 2.9999999999999997e-05, ""model__activation"": ""relu""}"
B,MLP,10,0.33468162070337226,0.022263655728385515,0.33835185775278065,0.36028083830070734,5.167755500006024,"{""model__validation_fraction"": 0.12, ""model__n_iter_no_change"": 10, ""model__learning_rate_init"": 0.0001, ""model__hidden_layer_sizes"": [128, 64], ""model__batch_size"": 32, ""model__alpha"": 0.0029999999999999996, ""model__activation"": ""tanh""}"
B,MLP,21,0.33373305201736886,0.012361084768923464,0.34322234198914553,0.30571625634845323,4.8322265000024345,"{""model__validation_fraction"": 0.2, ""model__n_iter_no_change"": 10, ""model__learning_rate_init"": 3.3333333333333335e-05, ""model__hidden_layer_sizes"": [128, 64], ""model__batch_size"": 128, ""model__alpha"": 0.0029999999999999996, ""model__activation"": ""tanh""}"
B,MLP,14,0.33343456594391907,0.020090599288214335,0.3386887785186746,0.3730136105333667,8.567136600002414,"{""model__validation_fraction"": 0.2, ""model__n_iter_no_change"": 20, ""model__learning_rate_init"": 3.3333333333333335e-05, ""model__hidden_layer_sizes"": [128, 64], ""model__batch_size"": 64, ""model__alpha"": 0.0029999999999999996, ""model__activation"": ""relu""}"
B,MLP,7,0.3316206288821427,0.01757180633825237,0.3331870200309672,0.31193020496475,2.189831299998332,"{""model__validation_fraction"": 0.2, ""model__n_iter_no_change"": 15, ""model__learning_rate_init"": 0.00030000000000000003, ""model__hidden_layer_sizes"": [96], ""model__batch_size"": 128, ""model__alpha"": 9.999999999999999e-05, ""model__activation"": ""relu""}"
B,MLP,19,0.3308582312269948,0.02306710528742595,0.3325986327068263,0.3397188477962919,9.270176299993182,"{""model__validation_fraction"": 0.12, ""model__n_iter_no_change"": 25, ""model__learning_rate_init"": 0.00015000000000000001, ""model__hidden_layer_sizes"": [128, 64], ""model__batch_size"": 64, ""model__alpha"": 0.0029999999999999996, ""model__activation"": ""relu""}"
B,MLP,12,0.32929463028042977,0.02606160596684957,0.33926187384780865,0.4414544701178253,12.750591899995925,"{""model__validation_fraction"": 0.2, ""model__n_iter_no_change"": 25, ""model__learning_rate_init"": 3.3333333333333335e-05, ""model__hidden_layer_sizes"": [192, 96], ""model__batch_size"": 32, ""model__alpha"": 0.0029999999999999996, ""model__activation"": ""tanh""}"
B,MLP,20,0.32924675629657946,0.021448433839699053,0.338385468453394,0.24504631554191275,5.254242199996952,"{""model__validation_fraction"": 0.12, ""model__n_iter_no_change"": 15, ""model__learning_rate_init"": 3.3333333333333335e-05, ""model__hidden_layer_sizes"": [96], ""model__batch_size"": 32, ""model__alpha"": 0.0009, ""model__activation"": ""relu""}"
B,MLP,3,0.328851956778839,0.03619754467448158,0.33843671571398154,0.4193934311342304,7.922769099997822,"{""model__validation_fraction"": 0.12, ""model__n_iter_no_change"": 15, ""model__learning_rate_init"": 5e-05, ""model__hidden_layer_sizes"": [192, 96], ""model__batch_size"": 64, ""model__alpha"": 0.0009, ""model__activation"": ""tanh""}"
B,MLP,22,0.30957520797333665,0.03056890643920504,0.3426689648182276,0.2856309999175206,1.4359434000070905,"{""model__validation_fraction"": 0.15, ""model__n_iter_no_change"": 10, ""model__learning_rate_init"": 0.0001, ""model__hidden_layer_sizes"": [64], ""model__batch_size"": 128, ""model__alpha"": 0.0009, ""model__activation"": ""relu""}"
B,MLP,6,0.3061551722287853,0.035146719007868976,0.3431334433357454,0.28663681655892087,3.759308600012446,"{""model__validation_fraction"": 0.2, ""model__n_iter_no_change"": 10, ""model__learning_rate_init"": 5e-05, ""model__hidden_layer_sizes"": [64], ""model__batch_size"": 32, ""model__alpha"": 0.0029999999999999996, ""model__activation"": ""relu""}"
B,MLP,9,0.28780041580770116,0.03974511179626268,0.332508237050792,0.24385765698138695,2.0610315000085393,"{""model__validation_fraction"": 0.2, ""model__n_iter_no_change"": 10, ""model__learning_rate_init"": 5e-05, ""model__hidden_layer_sizes"": [64], ""model__batch_size"": 64, ""model__alpha"": 0.0029999999999999996, ""model__activation"": ""relu""}"
B,XGBoost,19,0.3550491986773605,0.018470223050480704,0.3574395080575933,0.3426116143208038,36.215137500010314,"{""subsample"": 1.0, ""reg_lambda"": 50.0, ""reg_alpha"": 0.0, ""n_estimators"": 315, ""min_child_weight"": 1, ""max_depth"": 6, ""learning_rate"": 0.037500000000000006, ""gamma"": 0.025, ""colsample_bytree"": 0.85}"
B,XGBoost,18,0.35477593636063626,0.029898267184637603,0.35728278884659814,0.32665129707351426,7.609964499992202,"{""subsample"": 1.0, ""reg_lambda"": 20.0, ""reg_alpha"": 0.001, ""n_estimators"": 315, ""min_child_weight"": 5.0, ""max_depth"": 3, ""learning_rate"": 0.07500000000000001, ""gamma"": 0.05, ""colsample_bytree"": 0.85}"
B,XGBoost,10,0.3508530056437138,0.025342056988817387,0.35329086201448356,0.3109813062680527,11.7066124999983,"{""subsample"": 0.95, ""reg_lambda"": 2.0, ""reg_alpha"": 0.0, ""n_estimators"": 675, ""min_child_weight"": 3.0, ""max_depth"": 2, ""learning_rate"": 0.05, ""gamma"": 0.15000000000000002, ""colsample_bytree"": 1.0}"
B,XGBoost,12,0.34747035629547707,0.021167869540139505,0.3491359018248951,0.33871125299777366,14.456645699989167,"{""subsample"": 0.85, ""reg_lambda"": 10.0, ""reg_alpha"": 0.01, ""n_estimators"": 562, ""min_child_weight"": 1, ""max_depth"": 3, ""learning_rate"": 0.0625, ""gamma"": 0.15000000000000002, ""colsample_bytree"": 0.85}"
B,XGBoost,17,0.3457174986626338,0.02444124548750298,0.34665264797459233,0.32831901108600137,31.16753570000583,"{""subsample"": 0.75, ""reg_lambda"": 5.0, ""reg_alpha"": 0.01, ""n_estimators"": 315, ""min_child_weight"": 2.0, ""max_depth"": 6, ""learning_rate"": 0.05, ""gamma"": 0.085, ""colsample_bytree"": 1.0}"
B,XGBoost,25,0.34449240382636365,0.0360835090042924,0.34672418184614817,0.3366759999239114,34.485915199999,"{""subsample"": 1.0, ""reg_lambda"": 10.0, ""reg_alpha"": 0.001, ""n_estimators"": 450, ""min_child_weight"": 3.0, ""max_depth"": 6, ""learning_rate"": 0.037500000000000006, ""gamma"": 0.085, ""colsample_bytree"": 0.55}"
B,XGBoost,6,0.344482532397078,0.029471718596778048,0.3476848101160911,0.3086465859721674,5.445064100000309,"{""subsample"": 0.75, ""reg_lambda"": 20.0, ""reg_alpha"": 0.001, ""n_estimators"": 315, ""min_child_weight"": 5.0, ""max_depth"": 2, ""learning_rate"": 0.025, ""gamma"": 0.05, ""colsample_bytree"": 0.7}"
B,XGBoost,3,0.34429671174938237,0.022892107911442926,0.34544442724328767,0.31444807544378556,27.155997499998193,"{""subsample"": 0.85, ""reg_lambda"": 5.0, ""reg_alpha"": 0.01, ""n_estimators"": 315, ""min_child_weight"": 3.0, ""max_depth"": 6, ""learning_rate"": 0.037500000000000006, ""gamma"": 0.0125, ""colsample_bytree"": 0.7}"
B,XGBoost,7,0.3440758847622085,0.027983055670049224,0.34666191088345893,0.3086521629194919,12.025552000006428,"{""subsample"": 0.75, ""reg_lambda"": 2.0, ""reg_alpha"": 0.0, ""n_estimators"": 675, ""min_child_weight"": 2.0, ""max_depth"": 2, ""learning_rate"": 0.037500000000000006, ""gamma"": 0.025, ""colsample_bytree"": 0.95}"
B,XGBoost,22,0.3425010529562641,0.025743107534597368,0.3450517965045894,0.32573260073260074,26.484398200002033,"{""subsample"": 1.0, ""reg_lambda"": 2.0, ""reg_alpha"": 0.001, ""n_estimators"": 562, ""min_child_weight"": 2.0, ""max_depth"": 5, ""learning_rate"": 0.025, ""gamma"": 0.15000000000000002, ""colsample_bytree"": 0.55}"
B,XGBoost,15,0.3415969460552408,0.017729456769355844,0.3436019648080723,0.3338977722811545,15.523342899992713,"{""subsample"": 0.95, ""reg_lambda"": 20.0, ""reg_alpha"": 0.0, ""n_estimators"": 450, ""min_child_weight"": 2.0, ""max_depth"": 4, ""learning_rate"": 0.037500000000000006, ""gamma"": 0.15000000000000002, ""colsample_bytree"": 0.7}"
B,XGBoost,9,0.34143649379304714,0.03494396655318658,0.3445536641742269,0.31937686570222135,37.29926169999817,"{""subsample"": 1.0, ""reg_lambda"": 2.0, ""reg_alpha"": 0.01, ""n_estimators"": 450, ""min_child_weight"": 1, ""max_depth"": 6, ""learning_rate"": 0.025, ""gamma"": 0.025, ""colsample_bytree"": 0.55}"
B,XGBoost,16,0.34116508212197716,0.02917516819508597,0.3442589563250526,0.33074774063146156,10.162476099998457,"{""subsample"": 0.75, ""reg_lambda"": 50.0, ""reg_alpha"": 0.0, ""n_estimators"": 562, ""min_child_weight"": 1, ""max_depth"": 2, ""learning_rate"": 0.0625, ""gamma"": 0.085, ""colsample_bytree"": 0.85}"
B,XGBoost,4,0.33941932616754805,0.04277481550896387,0.3428557316392615,0.2888801516087585,10.116657000005944,"{""subsample"": 1.0, ""reg_lambda"": 10.0, ""reg_alpha"": 0.01, ""n_estimators"": 562, ""min_child_weight"": 3.0, ""max_depth"": 2, ""learning_rate"": 0.025, ""gamma"": 0.15000000000000002, ""colsample_bytree"": 0.95}"
B,XGBoost,13,0.3393998693125374,0.026225232005134987,0.34049743712304276,0.31500000526304434,61.86423500000092,"{""subsample"": 1.0, ""reg_lambda"": 10.0, ""reg_alpha"": 0.001, ""n_estimators"": 675, ""min_child_weight"": 2.0, ""max_depth"": 6, ""learning_rate"": 0.037500000000000006, ""gamma"": 0.025, ""colsample_bytree"": 0.85}"
B,XGBoost,11,0.33915181831220814,0.013302435019425544,0.3404513725935096,0.3134297929059726,22.364110100010294,"{""subsample"": 0.65, ""reg_lambda"": 20.0, ""reg_alpha"": 0.001, ""n_estimators"": 315, ""min_child_weight"": 1, ""max_depth"": 5, ""learning_rate"": 0.0625, ""gamma"": 0.05, ""colsample_bytree"": 0.85}"
B,XGBoost,8,0.33717979603787557,0.022532554660562698,0.3389450617586154,0.3229879080804798,20.266474600008223,"{""subsample"": 0.95, ""reg_lambda"": 2.0, ""reg_alpha"": 0.01, ""n_estimators"": 675, ""min_child_weight"": 1, ""max_depth"": 4, ""learning_rate"": 0.0625, ""gamma"": 0.085, ""colsample_bytree"": 0.55}"
B,XGBoost,14,0.33668287584872525,0.019159041860613037,0.33825643703193486,0.3370275092560033,11.62335229999735,"{""subsample"": 0.85, ""reg_lambda"": 20.0, ""reg_alpha"": 0.0, ""n_estimators"": 315, ""min_child_weight"": 3.0, ""max_depth"": 4, ""learning_rate"": 0.07500000000000001, ""gamma"": 0.15000000000000002, ""colsample_bytree"": 1.0}"
B,XGBoost,2,0.3354502882083186,0.012420510606742456,0.3370760309304066,0.3243513504633396,25.100521300002583,"{""subsample"": 0.95, ""reg_lambda"": 10.0, ""reg_alpha"": 0.01, ""n_estimators"": 675, ""min_child_weight"": 1, ""max_depth"": 4, ""learning_rate"": 0.07500000000000001, ""gamma"": 0.0125, ""colsample_bytree"": 0.95}"
B,XGBoost,23,0.3340189827304151,0.038120862428320766,0.33668362222403764,0.3154490876775817,12.551719000010053,"{""subsample"": 1.0, ""reg_lambda"": 5.0, ""reg_alpha"": 0.01, ""n_estimators"": 562, ""min_child_weight"": 1, ""max_depth"": 3, ""learning_rate"": 0.05, ""gamma"": 0.05, ""colsample_bytree"": 0.55}"
B,XGBoost,20,0.33304647804764304,0.011199351622633429,0.33527929958453107,0.31268890287856194,10.904031300000497,"{""subsample"": 0.65, ""reg_lambda"": 2.0, ""reg_alpha"": 0.001, ""n_estimators"": 315, ""min_child_weight"": 5.0, ""max_depth"": 4, ""learning_rate"": 0.05, ""gamma"": 0.0125, ""colsample_bytree"": 0.85}"
B,XGBoost,5,0.3317883254668541,0.013428042675592815,0.333672335339732,0.3309476216565853,28.31816890000482,"{""subsample"": 0.85, ""reg_lambda"": 5.0, ""reg_alpha"": 0.0, ""n_estimators"": 450, ""min_child_weight"": 2.0, ""max_depth"": 5, ""learning_rate"": 0.0625, ""gamma"": 0.0125, ""colsample_bytree"": 0.95}"
B,XGBoost,21,0.3307434295030602,0.026578681208363982,0.33396470099787257,0.30239524154629144,17.397223500011023,"{""subsample"": 0.75, ""reg_lambda"": 10.0, ""reg_alpha"": 0.001, ""n_estimators"": 675, ""min_child_weight"": 3.0, ""max_depth"": 3, ""learning_rate"": 0.025, ""gamma"": 0.05, ""colsample_bytree"": 0.95}"
B,XGBoost,1,0.3297881753696037,0.012065144613971533,0.3313119012198212,0.3048782669125862,26.506417299999157,"{""subsample"": 0.65, ""reg_lambda"": 20.0, ""reg_alpha"": 0.01, ""n_estimators"": 450, ""min_child_weight"": 2.0, ""max_depth"": 5, ""learning_rate"": 0.05, ""gamma"": 0.0125, ""colsample_bytree"": 0.55}"
B,XGBoost,24,0.32800132521170766,0.016740970893413712,0.32896762415311265,0.3214819706522123,46.06250300000829,"{""subsample"": 0.75, ""reg_lambda"": 50.0, ""reg_alpha"": 0.01, ""n_estimators"": 450, ""min_child_weight"": 5.0, ""max_depth"": 6, ""learning_rate"": 0.05, ""gamma"": 0.05, ""colsample_bytree"": 1.0}"
