fase,modelo,config_id,fold,fit_seconds,macro_f1,balanced_accuracy,precision_alta,recall_alta,f1_alta,support_alta,precision_baja,recall_baja,f1_baja,support_baja,precision_media,recall_media,f1_media,support_media,params
B,MLP,1,F1,1.1014200000063283,0.30108696027676657,0.30216796853722044,0.21568627450980393,0.20952380952380953,0.21256038647342995,105,0.38461538461538464,0.34946236559139787,0.36619718309859156,186,0.30434782608695654,0.3475177304964539,0.32450331125827814,141,"{""model__validation_fraction"": 0.12, ""model__n_iter_no_change"": 20, ""model__learning_rate_init"": 0.00015000000000000001, ""model__hidden_layer_sizes"": [128, 64], ""model__batch_size"": 128, ""model__alpha"": 2.9999999999999997e-05, ""model__activation"": ""relu""}"
B,MLP,1,F2,0.7876820999954361,0.33125312445832256,0.3351372434303544,0.3269230769230769,0.3953488372093023,0.35789473684210527,129,0.3356643356643357,0.3333333333333333,0.3344947735191638,144,0.3308270676691729,0.27672955974842767,0.3013698630136986,159,"{""model__validation_fraction"": 0.12, ""model__n_iter_no_change"": 20, ""model__learning_rate_init"": 0.00015000000000000001, ""model__hidden_layer_sizes"": [128, 64], ""model__batch_size"": 128, ""model__alpha"": 2.9999999999999997e-05, ""model__activation"": ""relu""}"
B,MLP,1,F3,1.302555600006599,0.35634007089115455,0.3563591889095245,0.36923076923076925,0.3356643356643357,0.3516483516483517,143,0.35172413793103446,0.36428571428571427,0.35789473684210527,140,0.3503184713375796,0.3691275167785235,0.35947712418300654,149,"{""model__validation_fraction"": 0.12, ""model__n_iter_no_change"": 20, ""model__learning_rate_init"": 0.00015000000000000001, ""model__hidden_layer_sizes"": [128, 64], ""model__batch_size"": 128, ""model__alpha"": 2.9999999999999997e-05, ""model__activation"": ""relu""}"
B,MLP,1,F4,1.6421384999994189,0.3515767321035152,0.3591154765498909,0.416988416988417,0.5242718446601942,0.4645161290322581,206,0.302158273381295,0.22340425531914893,0.25688073394495414,188,0.33707865168539325,0.32967032967032966,0.3333333333333333,182,"{""model__validation_fraction"": 0.12, ""model__n_iter_no_change"": 20, ""model__learning_rate_init"": 0.00015000000000000001, ""model__hidden_layer_sizes"": [128, 64], ""model__batch_size"": 128, ""model__alpha"": 2.9999999999999997e-05, ""model__activation"": ""relu""}"
B,MLP,2,F1,0.46180800000729505,0.30869495509789346,0.3088320205684653,0.22727272727272727,0.23809523809523808,0.23255813953488372,105,0.4093567251461988,0.3763440860215054,0.39215686274509803,186,0.2913907284768212,0.3120567375886525,0.3013698630136986,141,"{""model__validation_fraction"": 0.15, ""model__n_iter_no_change"": 25, ""model__learning_rate_init"": 0.00015000000000000001, ""model__hidden_layer_sizes"": [96], ""model__batch_size"": 128, ""model__alpha"": 2.9999999999999997e-05, ""model__activation"": ""tanh""}"
B,MLP,2,F2,1.1545077999908244,0.3494838896392051,0.35126883135878306,0.3032258064516129,0.3643410852713178,0.33098591549295775,129,0.375,0.375,0.375,144,0.37593984962406013,0.31446540880503143,0.3424657534246575,159,"{""model__validation_fraction"": 0.15, ""model__n_iter_no_change"": 25, ""model__learning_rate_init"": 0.00015000000000000001, ""model__hidden_layer_sizes"": [96], ""model__batch_size"": 128, ""model__alpha"": 2.9999999999999997e-05, ""model__activation"": ""tanh""}"
B,MLP,2,F3,0.7832441000064136,0.3241220204265494,0.3277896600044251,0.3395061728395062,0.38461538461538464,0.36065573770491804,143,0.3225806451612903,0.35714285714285715,0.3389830508474576,140,0.3130434782608696,0.24161073825503357,0.2727272727272727,149,"{""model__validation_fraction"": 0.15, ""model__n_iter_no_change"": 25, ""model__learning_rate_init"": 0.00015000000000000001, ""model__hidden_layer_sizes"": [96], ""model__batch_size"": 128, ""model__alpha"": 2.9999999999999997e-05, ""model__activation"": ""tanh""}"
B,MLP,2,F4,0.6818127000005916,0.38236870671244677,0.38179643808646085,0.4587628865979381,0.4320388349514563,0.445,206,0.3417085427135678,0.3617021276595745,0.35142118863049093,188,0.34972677595628415,0.3516483516483517,0.3506849315068493,182,"{""model__validation_fraction"": 0.15, ""model__n_iter_no_change"": 25, ""model__learning_rate_init"": 0.00015000000000000001, ""model__hidden_layer_sizes"": [96], ""model__batch_size"": 128, ""model__alpha"": 2.9999999999999997e-05, ""model__activation"": ""tanh""}"
B,MLP,3,F1,2.0435986000084085,0.3330936171760342,0.33511455371441645,0.25862068965517243,0.2857142857142857,0.27149321266968324,105,0.46596858638743455,0.478494623655914,0.47214854111405835,186,0.272,0.24113475177304963,0.2556390977443609,141,"{""model__validation_fraction"": 0.12, ""model__n_iter_no_change"": 15, ""model__learning_rate_init"": 5e-05, ""model__hidden_layer_sizes"": [192, 96], ""model__batch_size"": 64, ""model__alpha"": 0.0009, ""model__activation"": ""tanh""}"
B,MLP,3,F2,1.2536870000039926,0.26894412738305085,0.29253002453967786,0.26548672566371684,0.46511627906976744,0.3380281690140845,129,0.352,0.3055555555555556,0.3271375464684015,144,0.20987654320987653,0.1069182389937107,0.14166666666666666,159,"{""model__validation_fraction"": 0.12, ""model__n_iter_no_change"": 15, ""model__learning_rate_init"": 5e-05, ""model__hidden_layer_sizes"": [192, 96], ""model__batch_size"": 64, ""model__alpha"": 0.0009, ""model__activation"": ""tanh""}"
B,MLP,3,F3,2.3661667999986093,0.3501755070968596,0.3535547226822395,0.325,0.36363636363636365,0.3432343234323432,143,0.38461538461538464,0.42857142857142855,0.40540540540540543,140,0.3448275862068966,0.2684563758389262,0.3018867924528302,149,"{""model__validation_fraction"": 0.12, ""model__n_iter_no_change"": 15, ""model__learning_rate_init"": 5e-05, ""model__hidden_layer_sizes"": [192, 96], ""model__batch_size"": 64, ""model__alpha"": 0.0009, ""model__activation"": ""tanh""}"
B,MLP,3,F4,2.2591667999950005,0.36319457545941153,0.37254756191959243,0.4098939929328622,0.5631067961165048,0.47443762781186094,206,0.4088050314465409,0.34574468085106386,0.3746397694524496,188,0.2835820895522388,0.2087912087912088,0.24050632911392406,182,"{""model__validation_fraction"": 0.12, ""model__n_iter_no_change"": 15, ""model__learning_rate_init"": 5e-05, ""model__hidden_layer_sizes"": [192, 96], ""model__batch_size"": 64, ""model__alpha"": 0.0009, ""model__activation"": ""tanh""}"
B,MLP,4,F1,0.7486318000010215,0.3472281227798719,0.3486877798476975,0.23636363636363636,0.24761904761904763,0.24186046511627907,105,0.4311377245508982,0.3870967741935484,0.40793201133144474,186,0.3741935483870968,0.41134751773049644,0.3918918918918919,141,"{""model__validation_fraction"": 0.2, ""model__n_iter_no_change"": 15, ""model__learning_rate_init"": 0.00030000000000000003, ""model__hidden_layer_sizes"": [128], ""model__batch_size"": 128, ""model__alpha"": 2.9999999999999997e-05, ""model__activation"": ""tanh""}"
B,MLP,4,F2,0.8324409000051674,0.32155178116854116,0.32539044090163,0.29069767441860467,0.3875968992248062,0.33222591362126247,129,0.3333333333333333,0.3055555555555556,0.3188405797101449,144,0.3515625,0.2830188679245283,0.313588850174216,159,"{""model__validation_fraction"": 0.2, ""model__n_iter_no_change"": 15, ""model__learning_rate_init"": 0.00030000000000000003, ""model__hidden_layer_sizes"": [128], ""model__batch_size"": 128, ""model__alpha"": 2.9999999999999997e-05, ""model__activation"": ""tanh""}"
B,MLP,4,F3,0.4035412999946857,0.3696346120169976,0.37047695034272216,0.375,0.4195804195804196,0.39603960396039606,143,0.366412213740458,0.34285714285714286,0.35424354243542433,140,0.36879432624113473,0.348993288590604,0.3586206896551724,149,"{""model__validation_fraction"": 0.2, ""model__n_iter_no_change"": 15, ""model__learning_rate_init"": 0.00030000000000000003, ""model__hidden_layer_sizes"": [128], ""model__batch_size"": 128, ""model__alpha"": 2.9999999999999997e-05, ""model__activation"": ""tanh""}"
B,MLP,4,F4,1.030245499990997,0.3504139504181958,0.35153768974260613,0.41013824884792627,0.4320388349514563,0.42080378250591016,206,0.3464052287581699,0.28191489361702127,0.31085043988269795,188,0.30097087378640774,0.34065934065934067,0.31958762886597936,182,"{""model__validation_fraction"": 0.2, ""model__n_iter_no_change"": 15, ""model__learning_rate_init"": 0.00030000000000000003, ""model__hidden_layer_sizes"": [128], ""model__batch_size"": 128, ""model__alpha"": 2.9999999999999997e-05, ""model__activation"": ""tanh""}"
B,MLP,5,F1,2.1889531999913743,0.35379707438530966,0.3553235066618732,0.30303030303030304,0.2857142857142857,0.29411764705882354,105,0.42792792792792794,0.510752688172043,0.46568627450980393,186,0.34234234234234234,0.2695035460992908,0.30158730158730157,141,"{""model__validation_fraction"": 0.12, ""model__n_iter_no_change"": 25, ""model__learning_rate_init"": 0.00015000000000000001, ""model__hidden_layer_sizes"": [192, 96], ""model__batch_size"": 32, ""model__alpha"": 0.0009, ""model__activation"": ""relu""}"
B,MLP,5,F2,2.8457989000016823,0.363504606451164,0.3654715762273902,0.302158273381295,0.32558139534883723,0.31343283582089554,129,0.3795180722891566,0.4375,0.4064516129032258,144,0.41732283464566927,0.3333333333333333,0.3706293706293706,159,"{""model__validation_fraction"": 0.12, ""model__n_iter_no_change"": 25, ""model__learning_rate_init"": 0.00015000000000000001, ""model__hidden_layer_sizes"": [192, 96], ""model__batch_size"": 32, ""model__alpha"": 0.0009, ""model__activation"": ""relu""}"
B,MLP,5,F3,6.493493800007855,0.3507660314701259,0.3529174405013331,0.38064516129032255,0.4125874125874126,0.3959731543624161,143,0.34459459459459457,0.36428571428571427,0.3541666666666667,140,0.32558139534883723,0.28187919463087246,0.302158273381295,149,"{""model__validation_fraction"": 0.12, ""model__n_iter_no_change"": 25, ""model__learning_rate_init"": 0.00015000000000000001, ""model__hidden_layer_sizes"": [192, 96], ""model__batch_size"": 32, ""model__alpha"": 0.0009, ""model__activation"": ""relu""}"
B,MLP,5,F4,4.331529200004297,0.34664539044999554,0.3495383979788029,0.40082644628099173,0.470873786407767,0.4330357142857143,206,0.32044198895027626,0.30851063829787234,0.3143631436314363,188,0.3202614379084967,0.2692307692307692,0.29253731343283584,182,"{""model__validation_fraction"": 0.12, ""model__n_iter_no_change"": 25, ""model__learning_rate_init"": 0.00015000000000000001, ""model__hidden_layer_sizes"": [192, 96], ""model__batch_size"": 32, ""model__alpha"": 0.0009, ""model__activation"": ""relu""}"
B,MLP,6,F1,0.34079600000404753,0.25905447998471254,0.3422034840016995,0.2857142857142857,0.17142857142857143,0.21428571428571427,105,0.3448275862068966,0.053763440860215055,0.09302325581395349,186,0.3323529411764706,0.8014184397163121,0.4698544698544699,141,"{""model__validation_fraction"": 0.2, ""model__n_iter_no_change"": 10, ""model__learning_rate_init"": 5e-05, ""model__hidden_layer_sizes"": [64], ""model__batch_size"": 32, ""model__alpha"": 0.0029999999999999996, ""model__activation"": ""relu""}"
B,MLP,6,F2,1.405059100012295,0.31751490805345484,0.31875985243690375,0.27439024390243905,0.3488372093023256,0.30716723549488056,129,0.35772357723577236,0.3055555555555556,0.3295880149812734,144,0.3310344827586207,0.3018867924528302,0.3157894736842105,159,"{""model__validation_fraction"": 0.2, ""model__n_iter_no_change"": 10, ""model__learning_rate_init"": 5e-05, ""model__hidden_layer_sizes"": [64], ""model__batch_size"": 32, ""model__alpha"": 0.0029999999999999996, ""model__activation"": ""relu""}"
B,MLP,6,F3,0.46622560000105295,0.2927611287141072,0.3532095421357166,0.30120481927710846,0.17482517482517482,0.22123893805309736,143,0.4482758620689655,0.09285714285714286,0.15384615384615385,140,0.36875,0.7919463087248322,0.5031982942430704,149,"{""model__validation_fraction"": 0.2, ""model__n_iter_no_change"": 10, ""model__learning_rate_init"": 5e-05, ""model__hidden_layer_sizes"": [64], ""model__batch_size"": 32, ""model__alpha"": 0.0029999999999999996, ""model__activation"": ""relu""}"
B,MLP,6,F4,1.5470490000006976,0.35529017216286657,0.3583608947686618,0.4305555555555556,0.45145631067961167,0.44075829383886256,206,0.31125827814569534,0.25,0.27728613569321536,188,0.3253588516746411,0.37362637362637363,0.34782608695652173,182,"{""model__validation_fraction"": 0.2, ""model__n_iter_no_change"": 10, ""model__learning_rate_init"": 5e-05, ""model__hidden_layer_sizes"": [64], ""model__batch_size"": 32, ""model__alpha"": 0.0029999999999999996, ""model__activation"": ""relu""}"
B,MLP,7,F1,0.22845960000995547,0.3274267980789342,0.3283165016178056,0.211864406779661,0.23809523809523808,0.2242152466367713,105,0.43670886075949367,0.3709677419354839,0.4011627906976744,186,0.33974358974358976,0.375886524822695,0.3569023569023569,141,"{""model__validation_fraction"": 0.2, ""model__n_iter_no_change"": 15, ""model__learning_rate_init"": 0.00030000000000000003, ""model__hidden_layer_sizes"": [96], ""model__batch_size"": 128, ""model__alpha"": 9.999999999999999e-05, ""model__activation"": ""relu""}"
B,MLP,7,F2,0.3279333999962546,0.34574167528282046,0.34906472949474265,0.3220338983050847,0.29457364341085274,0.3076923076923077,129,0.35555555555555557,0.4444444444444444,0.3950617283950617,144,0.3656716417910448,0.3081761006289308,0.33447098976109213,159,"{""model__validation_fraction"": 0.2, ""model__n_iter_no_change"": 15, ""model__learning_rate_init"": 0.00030000000000000003, ""model__hidden_layer_sizes"": [96], ""model__batch_size"": 128, ""model__alpha"": 9.999999999999999e-05, ""model__activation"": ""relu""}"
B,MLP,7,F3,1.0562807000096655,0.304647857776494,0.3052467666561626,0.31092436974789917,0.25874125874125875,0.2824427480916031,143,0.3146853146853147,0.32142857142857145,0.31802120141342755,140,0.29411764705882354,0.33557046979865773,0.31347962382445144,149,"{""model__validation_fraction"": 0.2, ""model__n_iter_no_change"": 15, ""model__learning_rate_init"": 0.00030000000000000003, ""model__hidden_layer_sizes"": [96], ""model__batch_size"": 128, ""model__alpha"": 9.999999999999999e-05, ""model__activation"": ""relu""}"
B,MLP,7,F4,0.5770069999998668,0.3486661843903223,0.3501200823551578,0.42152466367713004,0.4563106796116505,0.4382284382284382,206,0.3155080213903743,0.31382978723404253,0.31466666666666665,188,0.3072289156626506,0.2802197802197802,0.29310344827586204,182,"{""model__validation_fraction"": 0.2, ""model__n_iter_no_change"": 15, ""model__learning_rate_init"": 0.00030000000000000003, ""model__hidden_layer_sizes"": [96], ""model__batch_size"": 128, ""model__alpha"": 9.999999999999999e-05, ""model__activation"": ""relu""}"
B,MLP,8,F1,1.3418363999953726,0.33352506649528574,0.33463738274994276,0.224,0.26666666666666666,0.24347826086956523,105,0.4416243654822335,0.46774193548387094,0.45430809399477806,186,0.34545454545454546,0.2695035460992908,0.30278884462151395,141,"{""model__validation_fraction"": 0.2, ""model__n_iter_no_change"": 10, ""model__learning_rate_init"": 5e-05, ""model__hidden_layer_sizes"": [192, 96, 48], ""model__batch_size"": 128, ""model__alpha"": 2.9999999999999997e-05, ""model__activation"": ""tanh""}"
B,MLP,8,F2,1.0169293000071775,0.31688900714549756,0.32098833146441746,0.28888888888888886,0.3023255813953488,0.29545454545454547,129,0.3258426966292135,0.4027777777777778,0.36024844720496896,144,0.3445378151260504,0.2578616352201258,0.2949640287769784,159,"{""model__validation_fraction"": 0.2, ""model__n_iter_no_change"": 10, ""model__learning_rate_init"": 5e-05, ""model__hidden_layer_sizes"": [192, 96, 48], ""model__batch_size"": 128, ""model__alpha"": 2.9999999999999997e-05, ""model__activation"": ""tanh""}"
B,MLP,8,F3,1.036945800005924,0.34083379568514155,0.34728079526737243,0.3983739837398374,0.34265734265734266,0.3684210526315789,143,0.33163265306122447,0.4642857142857143,0.3869047619047619,140,0.30973451327433627,0.2348993288590604,0.26717557251908397,149,"{""model__validation_fraction"": 0.2, ""model__n_iter_no_change"": 10, ""model__learning_rate_init"": 5e-05, ""model__hidden_layer_sizes"": [192, 96, 48], ""model__batch_size"": 128, ""model__alpha"": 2.9999999999999997e-05, ""model__activation"": ""tanh""}"
B,MLP,8,F4,0.9061958000093,0.3566213228444761,0.3783154117795721,0.4444444444444444,0.46601941747572817,0.4549763033175355,206,0.379182156133829,0.5425531914893617,0.44638949671772427,188,0.25274725274725274,0.12637362637362637,0.1684981684981685,182,"{""model__validation_fraction"": 0.2, ""model__n_iter_no_change"": 10, ""model__learning_rate_init"": 5e-05, ""model__hidden_layer_sizes"": [192, 96, 48], ""model__batch_size"": 128, ""model__alpha"": 2.9999999999999997e-05, ""model__activation"": ""tanh""}"
B,MLP,9,F1,0.25651740000466816,0.26528568184554496,0.33323310564216535,0.265625,0.1619047619047619,0.20118343195266272,105,0.37209302325581395,0.08602150537634409,0.13973799126637554,186,0.3261538461538461,0.75177304964539,0.45493562231759654,141,"{""model__validation_fraction"": 0.2, ""model__n_iter_no_change"": 10, ""model__learning_rate_init"": 5e-05, ""model__hidden_layer_sizes"": [64], ""model__batch_size"": 64, ""model__alpha"": 0.0029999999999999996, ""model__activation"": ""relu""}"
B,MLP,9,F2,0.30979490000754595,0.2433335414604941,0.29317703508686394,0.22448979591836735,0.17054263565891473,0.19383259911894274,129,0.20588235294117646,0.04861111111111111,0.07865168539325842,144,0.35,0.660377358490566,0.45751633986928103,159,"{""model__validation_fraction"": 0.2, ""model__n_iter_no_change"": 10, ""model__learning_rate_init"": 5e-05, ""model__hidden_layer_sizes"": [64], ""model__batch_size"": 64, ""model__alpha"": 0.0029999999999999996, ""model__activation"": ""relu""}"
B,MLP,9,F3,0.34173749999899883,0.2930847352351235,0.3510662715360702,0.3170731707317073,0.18181818181818182,0.2311111111111111,143,0.3939393939393939,0.09285714285714286,0.15028901734104047,140,0.3659305993690852,0.7785234899328859,0.4978540772532189,149,"{""model__validation_fraction"": 0.2, ""model__n_iter_no_change"": 10, ""model__learning_rate_init"": 5e-05, ""model__hidden_layer_sizes"": [64], ""model__batch_size"": 64, ""model__alpha"": 0.0029999999999999996, ""model__activation"": ""relu""}"
B,MLP,9,F4,1.1528264999942621,0.3494977046896421,0.3525565359380687,0.4418604651162791,0.46116504854368934,0.4513064133016627,206,0.29605263157894735,0.2393617021276596,0.2647058823529412,188,0.31100478468899523,0.35714285714285715,0.33248081841432225,182,"{""model__validation_fraction"": 0.2, ""model__n_iter_no_change"": 10, ""model__learning_rate_init"": 5e-05, ""model__hidden_layer_sizes"": [64], ""model__batch_size"": 64, ""model__alpha"": 0.0029999999999999996, ""model__activation"": ""relu""}"
B,MLP,10,F1,1.099361399988993,0.305682982084805,0.3093462322014141,0.22772277227722773,0.21904761904761905,0.22330097087378642,105,0.36942675159235666,0.3118279569892473,0.33819241982507287,186,0.3218390804597701,0.3971631205673759,0.35555555555555557,141,"{""model__validation_fraction"": 0.12, ""model__n_iter_no_change"": 10, ""model__learning_rate_init"": 0.0001, ""model__hidden_layer_sizes"": [128, 64], ""model__batch_size"": 32, ""model__alpha"": 0.0029999999999999996, ""model__activation"": ""tanh""}"
B,MLP,10,F2,0.9631626000045799,0.3227020891766179,0.3233468220304552,0.2932330827067669,0.3023255813953488,0.29770992366412213,129,0.34782608695652173,0.2777777777777778,0.3088803088803089,144,0.33695652173913043,0.389937106918239,0.36151603498542273,159,"{""model__validation_fraction"": 0.12, ""model__n_iter_no_change"": 10, ""model__learning_rate_init"": 0.0001, ""model__hidden_layer_sizes"": [128, 64], ""model__batch_size"": 32, ""model__alpha"": 0.0029999999999999996, ""model__activation"": ""tanh""}"
B,MLP,10,F3,1.0001324000040768,0.36407705278274877,0.3640073572959479,0.4434782608695652,0.35664335664335667,0.3953488372093023,143,0.37037037037037035,0.2857142857142857,0.3225806451612903,140,0.32057416267942584,0.44966442953020136,0.3743016759776536,149,"{""model__validation_fraction"": 0.12, ""model__n_iter_no_change"": 10, ""model__learning_rate_init"": 0.0001, ""model__hidden_layer_sizes"": [128, 64], ""model__batch_size"": 32, ""model__alpha"": 0.0029999999999999996, ""model__activation"": ""tanh""}"
B,MLP,10,F4,2.1049614000075962,0.3462643587693173,0.35670701948330535,0.39322033898305087,0.5631067961165048,0.4630738522954092,206,0.3698630136986301,0.2872340425531915,0.32335329341317365,188,0.2962962962962963,0.21978021978021978,0.25236593059936907,182,"{""model__validation_fraction"": 0.12, ""model__n_iter_no_change"": 10, ""model__learning_rate_init"": 0.0001, ""model__hidden_layer_sizes"": [128, 64], ""model__batch_size"": 32, ""model__alpha"": 0.0029999999999999996, ""model__activation"": ""tanh""}"
B,MLP,11,F1,1.9391267000028165,0.3210320627604478,0.32442614199649206,0.21428571428571427,0.2,0.20689655172413793,105,0.40993788819875776,0.3548387096774194,0.3804034582132565,186,0.34104046242774566,0.41843971631205673,0.37579617834394907,141,"{""model__validation_fraction"": 0.15, ""model__n_iter_no_change"": 10, ""model__learning_rate_init"": 0.0001, ""model__hidden_layer_sizes"": [128, 64], ""model__batch_size"": 32, ""model__alpha"": 9.999999999999999e-05, ""model__activation"": ""relu""}"
B,MLP,11,F2,0.8721057999937329,0.328369513124504,0.3289220824598183,0.31386861313868614,0.3333333333333333,0.3233082706766917,129,0.3219178082191781,0.3263888888888889,0.32413793103448274,144,0.348993288590604,0.3270440251572327,0.33766233766233766,159,"{""model__validation_fraction"": 0.15, ""model__n_iter_no_change"": 10, ""model__learning_rate_init"": 0.0001, ""model__hidden_layer_sizes"": [128, 64], ""model__batch_size"": 32, ""model__alpha"": 9.999999999999999e-05, ""model__activation"": ""relu""}"
B,MLP,11,F3,1.083994899992831,0.36549707602339176,0.36669594387715193,0.3983739837398374,0.34265734265734266,0.3684210526315789,143,0.36585365853658536,0.42857142857142855,0.39473684210526316,140,0.33793103448275863,0.3288590604026846,0.3333333333333333,149,"{""model__validation_fraction"": 0.15, ""model__n_iter_no_change"": 10, ""model__learning_rate_init"": 0.0001, ""model__hidden_layer_sizes"": [128, 64], ""model__batch_size"": 32, ""model__alpha"": 9.999999999999999e-05, ""model__activation"": ""relu""}"
B,MLP,11,F4,1.931003999998211,0.3653316314532809,0.37074935324263975,0.4247104247104247,0.5339805825242718,0.4731182795698925,206,0.34375,0.2925531914893617,0.3160919540229885,188,0.33121019108280253,0.2857142857142857,0.30678466076696165,182,"{""model__validation_fraction"": 0.15, ""model__n_iter_no_change"": 10, ""model__learning_rate_init"": 0.0001, ""model__hidden_layer_sizes"": [128, 64], ""model__batch_size"": 32, ""model__alpha"": 9.999999999999999e-05, ""model__activation"": ""relu""}"
B,MLP,12,F1,2.125587300004554,0.31884516720412026,0.32337157237637676,0.2556390977443609,0.3238095238095238,0.2857142857142857,105,0.4083769633507853,0.41935483870967744,0.41379310344827586,186,0.2962962962962963,0.22695035460992907,0.2570281124497992,141,"{""model__validation_fraction"": 0.2, ""model__n_iter_no_change"": 25, ""model__learning_rate_init"": 3.3333333333333335e-05, ""model__hidden_layer_sizes"": [192, 96], ""model__batch_size"": 32, ""model__alpha"": 0.0029999999999999996, ""model__activation"": ""tanh""}"
B,MLP,12,F2,2.718917499994859,0.2916687785008125,0.3091999414948077,0.27488151658767773,0.4496124031007752,0.3411764705882353,129,0.366412213740458,0.3333333333333333,0.3490909090909091,144,0.25555555555555554,0.14465408805031446,0.18473895582329317,159,"{""model__validation_fraction"": 0.2, ""model__n_iter_no_change"": 25, ""model__learning_rate_init"": 3.3333333333333335e-05, ""model__hidden_layer_sizes"": [192, 96], ""model__batch_size"": 32, ""model__alpha"": 0.0029999999999999996, ""model__activation"": ""tanh""}"
B,MLP,12,F3,3.6504466000042157,0.35759346549817067,0.3631103795533326,0.33519553072625696,0.4195804195804196,0.37267080745341613,143,0.3881578947368421,0.42142857142857143,0.4041095890410959,140,0.36633663366336633,0.2483221476510067,0.296,149,"{""model__validation_fraction"": 0.2, ""model__n_iter_no_change"": 25, ""model__learning_rate_init"": 3.3333333333333335e-05, ""model__hidden_layer_sizes"": [192, 96], ""model__batch_size"": 32, ""model__alpha"": 0.0029999999999999996, ""model__activation"": ""tanh""}"
B,MLP,12,F4,4.25547099999676,0.3490711099186157,0.36136560196671746,0.4054982817869416,0.5728155339805825,0.47484909456740443,206,0.3836477987421384,0.324468085106383,0.3515850144092219,188,0.2698412698412698,0.18681318681318682,0.22077922077922077,182,"{""model__validation_fraction"": 0.2, ""model__n_iter_no_change"": 25, ""model__learning_rate_init"": 3.3333333333333335e-05, ""model__hidden_layer_sizes"": [192, 96], ""model__batch_size"": 32, ""model__alpha"": 0.0029999999999999996, ""model__activation"": ""tanh""}"
B,MLP,13,F1,1.968712300003972,0.32395966008124955,0.32470394701005545,0.21666666666666667,0.24761904761904763,0.2311111111111111,105,0.4358974358974359,0.45698924731182794,0.4461942257217848,186,0.3247863247863248,0.2695035460992908,0.29457364341085274,141,"{""model__validation_fraction"": 0.2, ""model__n_iter_no_change"": 15, ""model__learning_rate_init"": 5e-05, ""model__hidden_layer_sizes"": [192, 96, 48], ""model__batch_size"": 64, ""model__alpha"": 0.0029999999999999996, ""model__activation"": ""tanh""}"
B,MLP,13,F2,1.5049546999944141,0.32093895851192666,0.32561796109404706,0.2932330827067669,0.3023255813953488,0.29770992366412213,129,0.3225806451612903,0.4166666666666667,0.36363636363636365,144,0.36283185840707965,0.2578616352201258,0.3014705882352941,159,"{""model__validation_fraction"": 0.2, ""model__n_iter_no_change"": 15, ""model__learning_rate_init"": 5e-05, ""model__hidden_layer_sizes"": [192, 96, 48], ""model__batch_size"": 64, ""model__alpha"": 0.0029999999999999996, ""model__activation"": ""tanh""}"
B,MLP,13,F3,2.035132099990733,0.35954432095548966,0.36269100027489287,0.38848920863309355,0.3776223776223776,0.3829787234042553,143,0.3468208092485549,0.42857142857142855,0.38338658146964855,140,0.35,0.28187919463087246,0.31226765799256506,149,"{""model__validation_fraction"": 0.2, ""model__n_iter_no_change"": 15, ""model__learning_rate_init"": 5e-05, ""model__hidden_layer_sizes"": [192, 96, 48], ""model__batch_size"": 64, ""model__alpha"": 0.0029999999999999996, ""model__activation"": ""tanh""}"
B,MLP,13,F4,1.5509692999912659,0.3437716838335783,0.36547730655353045,0.4206008583690987,0.47572815533980584,0.44646924829157175,206,0.37401574803149606,0.5053191489361702,0.4298642533936652,188,0.23595505617977527,0.11538461538461539,0.15498154981549817,182,"{""model__validation_fraction"": 0.2, ""model__n_iter_no_change"": 15, ""model__learning_rate_init"": 5e-05, ""model__hidden_layer_sizes"": [192, 96, 48], ""model__batch_size"": 64, ""model__alpha"": 0.0029999999999999996, ""model__activation"": ""tanh""}"
B,MLP,14,F1,0.7707848999998532,0.3120137833181311,0.3246483860073428,0.21621621621621623,0.3047619047619048,0.25296442687747034,105,0.44,0.23655913978494625,0.3076923076923077,186,0.33152173913043476,0.4326241134751773,0.37538461538461537,141,"{""model__validation_fraction"": 0.2, ""model__n_iter_no_change"": 20, ""model__learning_rate_init"": 3.3333333333333335e-05, ""model__hidden_layer_sizes"": [128, 64], ""model__batch_size"": 64, ""model__alpha"": 0.0029999999999999996, ""model__activation"": ""relu""}"
B,MLP,14,F2,1.108108500004164,0.31553825587795864,0.3158853785773487,0.28368794326241137,0.31007751937984496,0.2962962962962963,129,0.3088235294117647,0.2916666666666667,0.3,144,0.3548387096774194,0.34591194968553457,0.3503184713375796,159,"{""model__validation_fraction"": 0.2, ""model__n_iter_no_change"": 20, ""model__learning_rate_init"": 3.3333333333333335e-05, ""model__hidden_layer_sizes"": [128, 64], ""model__batch_size"": 64, ""model__alpha"": 0.0029999999999999996, ""model__activation"": ""relu""}"
B,MLP,14,F3,2.7102757999964524,0.34750365847504666,0.347892040845061,0.3821138211382114,0.32867132867132864,0.3533834586466165,143,0.34810126582278483,0.39285714285714285,0.3691275167785235,140,0.31788079470198677,0.3221476510067114,0.32,149,"{""model__validation_fraction"": 0.2, ""model__n_iter_no_change"": 20, ""model__learning_rate_init"": 3.3333333333333335e-05, ""model__hidden_layer_sizes"": [128, 64], ""model__batch_size"": 64, ""model__alpha"": 0.0029999999999999996, ""model__activation"": ""relu""}"
B,MLP,14,F4,3.977690799991251,0.35868256610453986,0.36632930864494595,0.40942028985507245,0.5485436893203883,0.46887966804979253,206,0.3584905660377358,0.30319148936170215,0.3285302593659942,188,0.3191489361702128,0.24725274725274726,0.2786377708978328,182,"{""model__validation_fraction"": 0.2, ""model__n_iter_no_change"": 20, ""model__learning_rate_init"": 3.3333333333333335e-05, ""model__hidden_layer_sizes"": [128, 64], ""model__batch_size"": 64, ""model__alpha"": 0.0029999999999999996, ""model__activation"": ""relu""}"
B,MLP,15,F1,0.49573929999314714,0.3107065947441534,0.31086272074604265,0.23423423423423423,0.24761904761904763,0.24074074074074073,105,0.4044943820224719,0.3870967741935484,0.3956043956043956,186,0.2937062937062937,0.2978723404255319,0.29577464788732394,141,"{""model__validation_fraction"": 0.2, ""model__n_iter_no_change"": 20, ""model__learning_rate_init"": 0.0001, ""model__hidden_layer_sizes"": [96], ""model__batch_size"": 64, ""model__alpha"": 0.0029999999999999996, ""model__activation"": ""tanh""}"
B,MLP,15,F2,1.0522973999904934,0.3606959009792274,0.36944403815838656,0.32926829268292684,0.4186046511627907,0.36860068259385664,129,0.4025157232704403,0.4444444444444444,0.42244224422442245,144,0.3577981651376147,0.24528301886792453,0.291044776119403,159,"{""model__validation_fraction"": 0.2, ""model__n_iter_no_change"": 20, ""model__learning_rate_init"": 0.0001, ""model__hidden_layer_sizes"": [96], ""model__batch_size"": 64, ""model__alpha"": 0.0029999999999999996, ""model__activation"": ""tanh""}"
B,MLP,15,F3,1.051150500003132,0.3380669746244164,0.3417877424588834,0.3374233128834356,0.38461538461538464,0.35947712418300654,143,0.34177215189873417,0.38571428571428573,0.3624161073825503,140,0.34234234234234234,0.2550335570469799,0.2923076923076923,149,"{""model__validation_fraction"": 0.2, ""model__n_iter_no_change"": 20, ""model__learning_rate_init"": 0.0001, ""model__hidden_layer_sizes"": [96], ""model__batch_size"": 64, ""model__alpha"": 0.0029999999999999996, ""model__activation"": ""tanh""}"
B,MLP,15,F4,0.7643147999915527,0.3895666656890271,0.389904645378721,0.45320197044334976,0.44660194174757284,0.44987775061124696,206,0.36585365853658536,0.39893617021276595,0.3816793893129771,188,0.35119047619047616,0.3241758241758242,0.33714285714285713,182,"{""model__validation_fraction"": 0.2, ""model__n_iter_no_change"": 20, ""model__learning_rate_init"": 0.0001, ""model__hidden_layer_sizes"": [96], ""model__batch_size"": 64, ""model__alpha"": 0.0029999999999999996, ""model__activation"": ""tanh""}"
B,MLP,16,F1,2.189237599988701,0.29210281517747855,0.2952860302208277,0.21818181818181817,0.22857142857142856,0.22325581395348837,105,0.39436619718309857,0.45161290322580644,0.42105263157894735,186,0.26605504587155965,0.20567375886524822,0.232,141,"{""model__validation_fraction"": 0.15, ""model__n_iter_no_change"": 10, ""model__learning_rate_init"": 0.0001, ""model__hidden_layer_sizes"": [256, 128, 64], ""model__batch_size"": 32, ""model__alpha"": 0.0029999999999999996, ""model__activation"": ""relu""}"
B,MLP,16,F2,1.8116045000060694,0.37156364783483425,0.3773930248809582,0.3253012048192771,0.4186046511627907,0.36610169491525424,129,0.40789473684210525,0.4305555555555556,0.4189189189189189,144,0.39473684210526316,0.2830188679245283,0.32967032967032966,159,"{""model__validation_fraction"": 0.15, ""model__n_iter_no_change"": 10, ""model__learning_rate_init"": 0.0001, ""model__hidden_layer_sizes"": [256, 128, 64], ""model__batch_size"": 32, ""model__alpha"": 0.0029999999999999996, ""model__activation"": ""relu""}"
B,MLP,16,F3,7.01745280000614,0.33770849344806647,0.33799276785853966,0.35833333333333334,0.3006993006993007,0.3269961977186312,143,0.34,0.36428571428571427,0.35172413793103446,140,0.32098765432098764,0.348993288590604,0.33440514469453375,149,"{""model__validation_fraction"": 0.15, ""model__n_iter_no_change"": 10, ""model__learning_rate_init"": 0.0001, ""model__hidden_layer_sizes"": [256, 128, 64], ""model__batch_size"": 32, ""model__alpha"": 0.0029999999999999996, ""model__activation"": ""relu""}"
B,MLP,16,F4,3.964750900006038,0.36421426757912867,0.36791943510596675,0.42338709677419356,0.5097087378640777,0.46255506607929514,206,0.32065217391304346,0.31382978723404253,0.3172043010752688,188,0.3541666666666667,0.2802197802197802,0.3128834355828221,182,"{""model__validation_fraction"": 0.15, ""model__n_iter_no_change"": 10, ""model__learning_rate_init"": 0.0001, ""model__hidden_layer_sizes"": [256, 128, 64], ""model__batch_size"": 32, ""model__alpha"": 0.0029999999999999996, ""model__activation"": ""relu""}"
B,MLP,17,F1,1.6200656999862986,0.30143144704042285,0.3033707008312362,0.208955223880597,0.26666666666666666,0.23430962343096234,105,0.38064516129032255,0.3172043010752688,0.3460410557184751,186,0.32167832167832167,0.3262411347517731,0.323943661971831,141,"{""model__validation_fraction"": 0.2, ""model__n_iter_no_change"": 25, ""model__learning_rate_init"": 5e-05, ""model__hidden_layer_sizes"": [256, 128, 64], ""model__batch_size"": 128, ""model__alpha"": 2.9999999999999997e-05, ""model__activation"": ""relu""}"
B,MLP,17,F2,3.824171000000206,0.3844368958029418,0.3861789608827783,0.3374233128834356,0.4263565891472868,0.3767123287671233,129,0.4262295081967213,0.3611111111111111,0.39097744360902253,144,0.4013605442176871,0.3710691823899371,0.38562091503267976,159,"{""model__validation_fraction"": 0.2, ""model__n_iter_no_change"": 25, ""model__learning_rate_init"": 5e-05, ""model__hidden_layer_sizes"": [256, 128, 64], ""model__batch_size"": 128, ""model__alpha"": 2.9999999999999997e-05, ""model__activation"": ""relu""}"
B,MLP,17,F3,2.2275961999985157,0.3626216077828981,0.3614026912684631,0.4015748031496063,0.35664335664335667,0.37777777777777777,143,0.381294964028777,0.37857142857142856,0.37992831541218636,140,0.3132530120481928,0.348993288590604,0.33015873015873015,149,"{""model__validation_fraction"": 0.2, ""model__n_iter_no_change"": 25, ""model__learning_rate_init"": 5e-05, ""model__hidden_layer_sizes"": [256, 128, 64], ""model__batch_size"": 128, ""model__alpha"": 2.9999999999999997e-05, ""model__activation"": ""relu""}"
B,MLP,17,F4,2.949125900006038,0.38017521921234215,0.3836792038093422,0.4533333333333333,0.49514563106796117,0.4733178654292343,206,0.34459459459459457,0.2712765957446808,0.30357142857142855,188,0.3448275862068966,0.38461538461538464,0.36363636363636365,182,"{""model__validation_fraction"": 0.2, ""model__n_iter_no_change"": 25, ""model__learning_rate_init"": 5e-05, ""model__hidden_layer_sizes"": [256, 128, 64], ""model__batch_size"": 128, ""model__alpha"": 2.9999999999999997e-05, ""model__activation"": ""relu""}"
B,MLP,18,F1,4.989165699997102,0.32737744065177693,0.33037443758102647,0.2,0.2,0.2,105,0.4444444444444444,0.3655913978494624,0.40117994100294985,186,0.3448275862068966,0.425531914893617,0.38095238095238093,141,"{""model__validation_fraction"": 0.2, ""model__n_iter_no_change"": 20, ""model__learning_rate_init"": 0.00015000000000000001, ""model__hidden_layer_sizes"": [192, 96], ""model__batch_size"": 32, ""model__alpha"": 0.0029999999999999996, ""model__activation"": ""relu""}"
B,MLP,18,F2,2.08098830000381,0.35654004231240005,0.3598282628833309,0.31547619047619047,0.4108527131782946,0.3569023569023569,129,0.375,0.3541666666666667,0.36428571428571427,144,0.390625,0.31446540880503143,0.34843205574912894,159,"{""model__validation_fraction"": 0.2, ""model__n_iter_no_change"": 20, ""model__learning_rate_init"": 0.00015000000000000001, ""model__hidden_layer_sizes"": [192, 96], ""model__batch_size"": 32, ""model__alpha"": 0.0029999999999999996, ""model__activation"": ""relu""}"
B,MLP,18,F3,10.594674099993426,0.36599493120069226,0.36657794107458536,0.40268456375838924,0.4195804195804196,0.410958904109589,143,0.37681159420289856,0.37142857142857144,0.37410071942446044,140,0.31724137931034485,0.3087248322147651,0.3129251700680272,149,"{""model__validation_fraction"": 0.2, ""model__n_iter_no_change"": 20, ""model__learning_rate_init"": 0.00015000000000000001, ""model__hidden_layer_sizes"": [192, 96], ""model__batch_size"": 32, ""model__alpha"": 0.0029999999999999996, ""model__activation"": ""relu""}"
B,MLP,18,F4,3.040651000002981,0.3610891650107337,0.3670863495796361,0.4074074074074074,0.5339805825242718,0.46218487394957986,206,0.3374233128834356,0.2925531914893617,0.31339031339031337,188,0.34965034965034963,0.27472527472527475,0.3076923076923077,182,"{""model__validation_fraction"": 0.2, ""model__n_iter_no_change"": 20, ""model__learning_rate_init"": 0.00015000000000000001, ""model__hidden_layer_sizes"": [192, 96], ""model__batch_size"": 32, ""model__alpha"": 0.0029999999999999996, ""model__activation"": ""relu""}"
B,MLP,19,F1,3.5463397999992594,0.30078177912577786,0.30175834232114257,0.19658119658119658,0.21904761904761905,0.2072072072072072,105,0.3987341772151899,0.3387096774193548,0.36627906976744184,186,0.31210191082802546,0.3475177304964539,0.3288590604026846,141,"{""model__validation_fraction"": 0.12, ""model__n_iter_no_change"": 25, ""model__learning_rate_init"": 0.00015000000000000001, ""model__hidden_layer_sizes"": [128, 64], ""model__batch_size"": 64, ""model__alpha"": 0.0029999999999999996, ""model__activation"": ""relu""}"
B,MLP,19,F2,1.2298231000022497,0.3284012709035693,0.3314258202915508,0.3103448275862069,0.3488372093023256,0.3284671532846715,129,0.34838709677419355,0.375,0.3612040133779264,144,0.32575757575757575,0.27044025157232704,0.29553264604810997,159,"{""model__validation_fraction"": 0.12, ""model__n_iter_no_change"": 25, ""model__learning_rate_init"": 0.00015000000000000001, ""model__hidden_layer_sizes"": [128, 64], ""model__batch_size"": 64, ""model__alpha"": 0.0029999999999999996, ""model__activation"": ""relu""}"
B,MLP,19,F3,2.400943999993615,0.3285706347261829,0.3286127742503582,0.344,0.3006993006993007,0.3208955223880597,143,0.3310344827586207,0.34285714285714286,0.3368421052631579,140,0.3148148148148148,0.3422818791946309,0.3279742765273312,149,"{""model__validation_fraction"": 0.12, ""model__n_iter_no_change"": 25, ""model__learning_rate_init"": 0.00015000000000000001, ""model__hidden_layer_sizes"": [128, 64], ""model__batch_size"": 64, ""model__alpha"": 0.0029999999999999996, ""model__activation"": ""relu""}"
B,MLP,19,F4,2.0929165999987163,0.36567924015244907,0.3685975939642538,0.4089068825910931,0.49029126213592233,0.445916114790287,206,0.35428571428571426,0.32978723404255317,0.3415977961432507,188,0.33766233766233766,0.2857142857142857,0.30952380952380953,182,"{""model__validation_fraction"": 0.12, ""model__n_iter_no_change"": 25, ""model__learning_rate_init"": 0.00015000000000000001, ""model__hidden_layer_sizes"": [128, 64], ""model__batch_size"": 64, ""model__alpha"": 0.0029999999999999996, ""model__activation"": ""relu""}"
B,MLP,20,F1,0.6905949999927543,0.3045457869949205,0.30993561460273883,0.2236842105263158,0.1619047619047619,0.1878453038674033,105,0.3939393939393939,0.34946236559139787,0.37037037037037035,186,0.3089005235602094,0.41843971631205673,0.35542168674698793,141,"{""model__validation_fraction"": 0.12, ""model__n_iter_no_change"": 15, ""model__learning_rate_init"": 3.3333333333333335e-05, ""model__hidden_layer_sizes"": [96], ""model__batch_size"": 32, ""model__alpha"": 0.0009, ""model__activation"": ""relu""}"
B,MLP,20,F2,1.875769100006437,0.35152332709691847,0.3526532511010352,0.3023255813953488,0.3023255813953488,0.3023255813953488,129,0.3597560975609756,0.4097222222222222,0.38311688311688313,144,0.39568345323741005,0.34591194968553457,0.3691275167785235,159,"{""model__validation_fraction"": 0.12, ""model__n_iter_no_change"": 15, ""model__learning_rate_init"": 3.3333333333333335e-05, ""model__hidden_layer_sizes"": [96], ""model__batch_size"": 32, ""model__alpha"": 0.0009, ""model__activation"": ""relu""}"
B,MLP,20,F3,0.8042208999977447,0.31134326942833207,0.341714437687592,0.27906976744186046,0.08391608391608392,0.12903225806451613,143,0.3793103448275862,0.4714285714285714,0.42038216560509556,140,0.32558139534883723,0.4697986577181208,0.38461538461538464,149,"{""model__validation_fraction"": 0.12, ""model__n_iter_no_change"": 15, ""model__learning_rate_init"": 3.3333333333333335e-05, ""model__hidden_layer_sizes"": [96], ""model__batch_size"": 32, ""model__alpha"": 0.0009, ""model__activation"": ""relu""}"
B,MLP,20,F4,1.8835085000027902,0.34957464166614677,0.3492385704222101,0.4427860696517413,0.4320388349514563,0.43734643734643736,206,0.3034825870646766,0.324468085106383,0.31362467866323906,188,0.3045977011494253,0.29120879120879123,0.29775280898876405,182,"{""model__validation_fraction"": 0.12, ""model__n_iter_no_change"": 15, ""model__learning_rate_init"": 3.3333333333333335e-05, ""model__hidden_layer_sizes"": [96], ""model__batch_size"": 32, ""model__alpha"": 0.0009, ""model__activation"": ""relu""}"
B,MLP,21,F1,0.902770500004408,0.32264969696542295,0.33815188852937655,0.25757575757575757,0.1619047619047619,0.19883040935672514,105,0.4222222222222222,0.3064516129032258,0.35514018691588783,186,0.3333333333333333,0.5460992907801419,0.41397849462365593,141,"{""model__validation_fraction"": 0.2, ""model__n_iter_no_change"": 10, ""model__learning_rate_init"": 3.3333333333333335e-05, ""model__hidden_layer_sizes"": [128, 64], ""model__batch_size"": 128, ""model__alpha"": 0.0029999999999999996, ""model__activation"": ""tanh""}"
B,MLP,21,F2,0.8403522000007797,0.3300486364413516,0.33300017876586546,0.32038834951456313,0.2558139534883721,0.28448275862068967,129,0.34782608695652173,0.2777777777777778,0.3088803088803089,144,0.34579439252336447,0.46540880503144655,0.3967828418230563,159,"{""model__validation_fraction"": 0.2, ""model__n_iter_no_change"": 10, ""model__learning_rate_init"": 3.3333333333333335e-05, ""model__hidden_layer_sizes"": [128, 64], ""model__batch_size"": 128, ""model__alpha"": 0.0029999999999999996, ""model__activation"": ""tanh""}"
B,MLP,21,F3,0.8158151999959955,0.32759424409639,0.3389336614168829,0.4090909090909091,0.2517482517482518,0.3116883116883117,143,0.3333333333333333,0.22142857142857142,0.26609442060085836,140,0.32270916334661354,0.5436241610738255,0.405,149,"{""model__validation_fraction"": 0.2, ""model__n_iter_no_change"": 10, ""model__learning_rate_init"": 3.3333333333333335e-05, ""model__hidden_layer_sizes"": [128, 64], ""model__batch_size"": 128, ""model__alpha"": 0.0029999999999999996, ""model__activation"": ""tanh""}"
B,MLP,21,F4,2.2731464999960735,0.3546396305663108,0.3628036392444572,0.4,0.5533980582524272,0.46435845213849286,206,0.3722627737226277,0.2712765957446808,0.31384615384615383,188,0.3116883116883117,0.26373626373626374,0.2857142857142857,182,"{""model__validation_fraction"": 0.2, ""model__n_iter_no_change"": 10, ""model__learning_rate_init"": 3.3333333333333335e-05, ""model__hidden_layer_sizes"": [128, 64], ""model__batch_size"": 128, ""model__alpha"": 0.0029999999999999996, ""model__activation"": ""tanh""}"
B,MLP,22,F1,0.17854819999774918,0.2745929685024258,0.3331383251081261,0.2714285714285714,0.18095238095238095,0.21714285714285714,105,0.3877551020408163,0.10215053763440861,0.16170212765957448,186,0.3226837060702875,0.7163120567375887,0.44493392070484583,141,"{""model__validation_fraction"": 0.15, ""model__n_iter_no_change"": 10, ""model__learning_rate_init"": 0.0001, ""model__hidden_layer_sizes"": [64], ""model__batch_size"": 128, ""model__alpha"": 0.0009, ""model__activation"": ""relu""}"
B,MLP,22,F2,0.6604446999990614,0.3217483311697886,0.3221452310142525,0.27631578947368424,0.32558139534883723,0.298932384341637,129,0.3560606060606061,0.3263888888888889,0.34057971014492755,144,0.33783783783783783,0.31446540880503143,0.3257328990228013,159,"{""model__validation_fraction"": 0.15, ""model__n_iter_no_change"": 10, ""model__learning_rate_init"": 0.0001, ""model__hidden_layer_sizes"": [64], ""model__batch_size"": 128, ""model__alpha"": 0.0009, ""model__activation"": ""relu""}"
B,MLP,22,F3,0.20727549999719486,0.28853163624004474,0.3551590467697851,0.3048780487804878,0.17482517482517482,0.2222222222222222,143,0.4782608695652174,0.07857142857142857,0.13496932515337423,140,0.37003058103975534,0.8120805369127517,0.5084033613445378,149,"{""model__validation_fraction"": 0.15, ""model__n_iter_no_change"": 10, ""model__learning_rate_init"": 0.0001, ""model__hidden_layer_sizes"": [64], ""model__batch_size"": 128, ""model__alpha"": 0.0009, ""model__activation"": ""relu""}"
B,MLP,22,F4,0.389540100004524,0.3534278959810875,0.3602332563807466,0.4377880184331797,0.46116504854368934,0.4491725768321513,206,0.2867647058823529,0.2074468085106383,0.24074074074074073,188,0.336322869955157,0.41208791208791207,0.37037037037037035,182,"{""model__validation_fraction"": 0.15, ""model__n_iter_no_change"": 10, ""model__learning_rate_init"": 0.0001, ""model__hidden_layer_sizes"": [64], ""model__batch_size"": 128, ""model__alpha"": 0.0009, ""model__activation"": ""relu""}"
B,MLP,23,F1,2.0502863000001526,0.33547719858603525,0.3365253674107483,0.26785714285714285,0.2857142857142857,0.2764976958525346,105,0.41916167664670656,0.3763440860215054,0.39660056657223797,186,0.3202614379084967,0.3475177304964539,0.3333333333333333,141,"{""model__validation_fraction"": 0.2, ""model__n_iter_no_change"": 25, ""model__learning_rate_init"": 5e-05, ""model__hidden_layer_sizes"": [128], ""model__batch_size"": 32, ""model__alpha"": 0.0029999999999999996, ""model__activation"": ""tanh""}"
B,MLP,23,F2,2.309367099995143,0.32404821577753906,0.32738530544585825,0.2909090909090909,0.37209302325581395,0.32653061224489793,129,0.3404255319148936,0.3333333333333333,0.3368421052631579,144,0.3492063492063492,0.27672955974842767,0.3087719298245614,159,"{""model__validation_fraction"": 0.2, ""model__n_iter_no_change"": 25, ""model__learning_rate_init"": 5e-05, ""model__hidden_layer_sizes"": [128], ""model__batch_size"": 32, ""model__alpha"": 0.0029999999999999996, ""model__activation"": ""tanh""}"
B,MLP,23,F3,1.5379230999969877,0.35517925839914294,0.35695423145087574,0.36904761904761907,0.43356643356643354,0.3987138263665595,143,0.3709677419354839,0.32857142857142857,0.3484848484848485,140,0.32857142857142857,0.3087248322147651,0.31833910034602075,149,"{""model__validation_fraction"": 0.2, ""model__n_iter_no_change"": 25, ""model__learning_rate_init"": 5e-05, ""model__hidden_layer_sizes"": [128], ""model__batch_size"": 32, ""model__alpha"": 0.0029999999999999996, ""model__activation"": ""tanh""}"
B,MLP,23,F4,2.8206950000021607,0.3515800484599571,0.35540404648027035,0.4066390041493776,0.47572815533980584,0.43847874720357943,206,0.3404255319148936,0.2553191489361702,0.2917933130699088,188,0.31443298969072164,0.33516483516483514,0.324468085106383,182,"{""model__validation_fraction"": 0.2, ""model__n_iter_no_change"": 25, ""model__learning_rate_init"": 5e-05, ""model__hidden_layer_sizes"": [128], ""model__batch_size"": 32, ""model__alpha"": 0.0029999999999999996, ""model__activation"": ""tanh""}"
B,MLP,24,F1,1.9696324999968056,0.33492066012590027,0.3368304082099552,0.24193548387096775,0.2857142857142857,0.26200873362445415,105,0.4321608040201005,0.46236559139784944,0.44675324675324674,186,0.3394495412844037,0.2624113475177305,0.296,141,"{""model__validation_fraction"": 0.2, ""model__n_iter_no_change"": 20, ""model__learning_rate_init"": 3.3333333333333335e-05, ""model__hidden_layer_sizes"": [192, 96, 48], ""model__batch_size"": 128, ""model__alpha"": 9.999999999999999e-05, ""model__activation"": ""tanh""}"
B,MLP,24,F2,1.8703402999963146,0.3218167750757964,0.32837562771195944,0.304635761589404,0.35658914728682173,0.32857142857142857,129,0.3313953488372093,0.3958333333333333,0.36075949367088606,144,0.3394495412844037,0.23270440251572327,0.27611940298507465,159,"{""model__validation_fraction"": 0.2, ""model__n_iter_no_change"": 20, ""model__learning_rate_init"": 3.3333333333333335e-05, ""model__hidden_layer_sizes"": [192, 96, 48], ""model__batch_size"": 128, ""model__alpha"": 9.999999999999999e-05, ""model__activation"": ""tanh""}"
B,MLP,24,F3,1.6376370000070892,0.34688621244739243,0.3514734706009874,0.4107142857142857,0.32167832167832167,0.3607843137254902,143,0.3299492385786802,0.4642857142857143,0.3857566765578635,140,0.3252032520325203,0.2684563758389262,0.29411764705882354,149,"{""model__validation_fraction"": 0.2, ""model__n_iter_no_change"": 20, ""model__learning_rate_init"": 3.3333333333333335e-05, ""model__hidden_layer_sizes"": [192, 96, 48], ""model__batch_size"": 128, ""model__alpha"": 9.999999999999999e-05, ""model__activation"": ""tanh""}"
B,MLP,24,F4,1.7239067000045907,0.3569109726596376,0.3779090839615525,0.43043478260869567,0.48058252427184467,0.4541284403669725,206,0.3769230769230769,0.5212765957446809,0.4375,188,0.27906976744186046,0.13186813186813187,0.1791044776119403,182,"{""model__validation_fraction"": 0.2, ""model__n_iter_no_change"": 20, ""model__learning_rate_init"": 3.3333333333333335e-05, ""model__hidden_layer_sizes"": [192, 96, 48], ""model__batch_size"": 128, ""model__alpha"": 9.999999999999999e-05, ""model__activation"": ""tanh""}"
B,MLP,25,F1,0.41782980000425596,0.35480449250521723,0.35769846716998394,0.28688524590163933,0.3333333333333333,0.30837004405286345,105,0.44516129032258067,0.3709677419354839,0.4046920821114369,186,0.33548387096774196,0.36879432624113473,0.35135135135135137,141,"{""model__validation_fraction"": 0.2, ""model__n_iter_no_change"": 15, ""model__learning_rate_init"": 0.0001, ""model__hidden_layer_sizes"": [128], ""model__batch_size"": 128, ""model__alpha"": 0.0009, ""model__activation"": ""tanh""}"
B,MLP,25,F2,0.6839456000016071,0.3291320855320396,0.33255326410218905,0.27624309392265195,0.3875968992248062,0.3225806451612903,129,0.37209302325581395,0.3333333333333333,0.3516483516483517,144,0.36065573770491804,0.27672955974842767,0.31316725978647686,159,"{""model__validation_fraction"": 0.2, ""model__n_iter_no_change"": 15, ""model__learning_rate_init"": 0.0001, ""model__hidden_layer_sizes"": [128], ""model__batch_size"": 128, ""model__alpha"": 0.0009, ""model__activation"": ""tanh""}"
B,MLP,25,F3,0.4449577999912435,0.34842447630171414,0.34962364257666273,0.36809815950920244,0.4195804195804196,0.39215686274509803,143,0.36134453781512604,0.30714285714285716,0.33204633204633205,140,0.32,0.3221476510067114,0.3210702341137124,149,"{""model__validation_fraction"": 0.2, ""model__n_iter_no_change"": 15, ""model__learning_rate_init"": 0.0001, ""model__hidden_layer_sizes"": [128], ""model__batch_size"": 128, ""model__alpha"": 0.0009, ""model__activation"": ""tanh""}"
B,MLP,25,F4,1.1126267000072403,0.3527665790884236,0.3568087906034611,0.4149377593360996,0.4854368932038835,0.44742729306487694,206,0.3333333333333333,0.2553191489361702,0.2891566265060241,188,0.31413612565445026,0.32967032967032966,0.32171581769436997,182,"{""model__validation_fraction"": 0.2, ""model__n_iter_no_change"": 15, ""model__learning_rate_init"": 0.0001, ""model__hidden_layer_sizes"": [128], ""model__batch_size"": 128, ""model__alpha"": 0.0009, ""model__activation"": ""tanh""}"
B,XGBoost,1,F1,6.49477060000936,0.3206980865872386,0.32344456428190127,0.2037037037037037,0.20952380952380953,0.20657276995305165,105,0.4166666666666667,0.34946236559139787,0.38011695906432746,186,0.34523809523809523,0.41134751773049644,0.37540453074433655,141,"{""subsample"": 0.65, ""reg_lambda"": 20.0, ""reg_alpha"": 0.01, ""n_estimators"": 450, ""min_child_weight"": 2.0, ""max_depth"": 5, ""learning_rate"": 0.05, ""gamma"": 0.0125, ""colsample_bytree"": 0.55}"
B,XGBoost,1,F2,6.325036800000817,0.3210128671256543,0.3209517657192076,0.2684563758389262,0.31007751937984496,0.28776978417266186,129,0.3484848484848485,0.3194444444444444,0.3333333333333333,144,0.3509933774834437,0.3333333333333333,0.3419354838709677,159,"{""subsample"": 0.65, ""reg_lambda"": 20.0, ""reg_alpha"": 0.01, ""n_estimators"": 450, ""min_child_weight"": 2.0, ""max_depth"": 5, ""learning_rate"": 0.05, ""gamma"": 0.0125, ""colsample_bytree"": 0.55}"
B,XGBoost,1,F3,6.759090200008359,0.32725246283495985,0.32910020628141434,0.325,0.2727272727272727,0.2965779467680608,143,0.32727272727272727,0.38571428571428573,0.3540983606557377,140,0.3333333333333333,0.3288590604026846,0.3310810810810811,149,"{""subsample"": 0.65, ""reg_lambda"": 20.0, ""reg_alpha"": 0.01, ""n_estimators"": 450, ""min_child_weight"": 2.0, ""max_depth"": 5, ""learning_rate"": 0.05, ""gamma"": 0.0125, ""colsample_bytree"": 0.55}"
B,XGBoost,1,F4,6.927367700001923,0.3501892849305621,0.3517510685967616,0.38596491228070173,0.42718446601941745,0.4055299539170507,206,0.3419354838709677,0.28191489361702127,0.30903790087463556,188,0.32642487046632124,0.34615384615384615,0.336,182,"{""subsample"": 0.65, ""reg_lambda"": 20.0, ""reg_alpha"": 0.01, ""n_estimators"": 450, ""min_child_weight"": 2.0, ""max_depth"": 5, ""learning_rate"": 0.05, ""gamma"": 0.0125, ""colsample_bytree"": 0.55}"
B,XGBoost,2,F1,6.170454899998731,0.32754421554978047,0.3307753483456984,0.24731182795698925,0.21904761904761905,0.23232323232323232,105,0.40993788819875776,0.3548387096774194,0.3804034582132565,186,0.33146067415730335,0.41843971631205673,0.36990595611285265,141,"{""subsample"": 0.95, ""reg_lambda"": 10.0, ""reg_alpha"": 0.01, ""n_estimators"": 675, ""min_child_weight"": 1, ""max_depth"": 4, ""learning_rate"": 0.07500000000000001, ""gamma"": 0.0125, ""colsample_bytree"": 0.95}"
B,XGBoost,2,F2,6.12043929999345,0.3192330878291085,0.3188553296605074,0.2564102564102564,0.31007751937984496,0.2807017543859649,129,0.359375,0.3194444444444444,0.3382352941176471,144,0.35135135135135137,0.3270440251572327,0.33876221498371334,159,"{""subsample"": 0.95, ""reg_lambda"": 10.0, ""reg_alpha"": 0.01, ""n_estimators"": 675, ""min_child_weight"": 1, ""max_depth"": 4, ""learning_rate"": 0.07500000000000001, ""gamma"": 0.0125, ""colsample_bytree"": 0.95}"
B,XGBoost,2,F3,6.294113800002378,0.3469611929955884,0.347366727232499,0.3511450381679389,0.32167832167832167,0.3357664233576642,143,0.33986928104575165,0.37142857142857144,0.35494880546075086,140,0.35135135135135137,0.348993288590604,0.3501683501683502,149,"{""subsample"": 0.95, ""reg_lambda"": 10.0, ""reg_alpha"": 0.01, ""n_estimators"": 675, ""min_child_weight"": 1, ""max_depth"": 4, ""learning_rate"": 0.07500000000000001, ""gamma"": 0.0125, ""colsample_bytree"": 0.95}"
B,XGBoost,2,F4,6.515348900007666,0.34806265645879714,0.3513067184829217,0.416289592760181,0.44660194174757284,0.4309133489461358,206,0.30666666666666664,0.24468085106382978,0.27218934911242604,188,0.32195121951219513,0.3626373626373626,0.34108527131782945,182,"{""subsample"": 0.95, ""reg_lambda"": 10.0, ""reg_alpha"": 0.01, ""n_estimators"": 675, ""min_child_weight"": 1, ""max_depth"": 4, ""learning_rate"": 0.07500000000000001, ""gamma"": 0.0125, ""colsample_bytree"": 0.95}"
B,XGBoost,3,F1,6.385537599999225,0.31433579202691625,0.3164373413515486,0.2261904761904762,0.18095238095238095,0.20105820105820105,105,0.40555555555555556,0.3924731182795699,0.3989071038251366,186,0.31547619047619047,0.375886524822695,0.343042071197411,141,"{""subsample"": 0.85, ""reg_lambda"": 5.0, ""reg_alpha"": 0.01, ""n_estimators"": 315, ""min_child_weight"": 3.0, ""max_depth"": 6, ""learning_rate"": 0.037500000000000006, ""gamma"": 0.0125, ""colsample_bytree"": 0.7}"
B,XGBoost,3,F2,6.5692233000008855,0.33249785156824513,0.33133237449823666,0.25333333333333335,0.29457364341085274,0.2724014336917563,129,0.38461538461538464,0.3472222222222222,0.36496350364963503,144,0.3684210526315789,0.3522012578616352,0.36012861736334406,159,"{""subsample"": 0.85, ""reg_lambda"": 5.0, ""reg_alpha"": 0.01, ""n_estimators"": 315, ""min_child_weight"": 3.0, ""max_depth"": 6, ""learning_rate"": 0.037500000000000006, ""gamma"": 0.0125, ""colsample_bytree"": 0.7}"
B,XGBoost,3,F3,6.91831560000719,0.3748560902601888,0.3755506238727715,0.41739130434782606,0.3356643356643357,0.37209302325581395,143,0.36809815950920244,0.42857142857142855,0.39603960396039606,140,0.35064935064935066,0.3624161073825503,0.3564356435643564,149,"{""subsample"": 0.85, ""reg_lambda"": 5.0, ""reg_alpha"": 0.01, ""n_estimators"": 315, ""min_child_weight"": 3.0, ""max_depth"": 6, ""learning_rate"": 0.037500000000000006, ""gamma"": 0.0125, ""colsample_bytree"": 0.7}"
B,XGBoost,3,F4,7.282760600006441,0.35549711314217936,0.35845736925059385,0.4017467248908297,0.44660194174757284,0.42298850574712643,206,0.32666666666666666,0.26063829787234044,0.28994082840236685,188,0.3401015228426396,0.36813186813186816,0.35356200527704484,182,"{""subsample"": 0.85, ""reg_lambda"": 5.0, ""reg_alpha"": 0.01, ""n_estimators"": 315, ""min_child_weight"": 3.0, ""max_depth"": 6, ""learning_rate"": 0.037500000000000006, ""gamma"": 0.0125, ""colsample_bytree"": 0.7}"
B,XGBoost,4,F1,2.463604000004125,0.2700209572476546,0.277856216840431,0.1,0.0761904761904762,0.08648648648648649,105,0.3785310734463277,0.3602150537634409,0.3691460055096419,186,0.32,0.3971631205673759,0.35443037974683544,141,"{""subsample"": 1.0, ""reg_lambda"": 10.0, ""reg_alpha"": 0.01, ""n_estimators"": 562, ""min_child_weight"": 3.0, ""max_depth"": 2, ""learning_rate"": 0.025, ""gamma"": 0.15000000000000002, ""colsample_bytree"": 0.95}"
B,XGBoost,4,F2,2.5629713000089396,0.3385490666234534,0.33854598345603165,0.2805755395683453,0.3023255813953488,0.291044776119403,129,0.3466666666666667,0.3611111111111111,0.35374149659863946,144,0.3916083916083916,0.3522012578616352,0.3708609271523179,159,"{""subsample"": 1.0, ""reg_lambda"": 10.0, ""reg_alpha"": 0.01, ""n_estimators"": 562, ""min_child_weight"": 3.0, ""max_depth"": 2, ""learning_rate"": 0.025, ""gamma"": 0.15000000000000002, ""colsample_bytree"": 0.95}"
B,XGBoost,4,F3,2.5148387999943225,0.37861617247836127,0.3824678677027671,0.41414141414141414,0.2867132867132867,0.33884297520661155,143,0.3793103448275862,0.4714285714285714,0.42038216560509556,140,0.36477987421383645,0.38926174496644295,0.37662337662337664,149,"{""subsample"": 1.0, ""reg_lambda"": 10.0, ""reg_alpha"": 0.01, ""n_estimators"": 562, ""min_child_weight"": 3.0, ""max_depth"": 2, ""learning_rate"": 0.025, ""gamma"": 0.15000000000000002, ""colsample_bytree"": 0.95}"
B,XGBoost,4,F4,2.5750494999956572,0.3704911083207229,0.3725528585578162,0.4410480349344978,0.49029126213592233,0.46436781609195404,206,0.33727810650887574,0.30319148936170215,0.31932773109243695,188,0.33146067415730335,0.3241758241758242,0.3277777777777778,182,"{""subsample"": 1.0, ""reg_lambda"": 10.0, ""reg_alpha"": 0.01, ""n_estimators"": 562, ""min_child_weight"": 3.0, ""max_depth"": 2, ""learning_rate"": 0.025, ""gamma"": 0.15000000000000002, ""colsample_bytree"": 0.95}"
B,XGBoost,5,F1,6.656182499995339,0.31685946174095797,0.3191260581102723,0.2079207920792079,0.2,0.20388349514563106,105,0.4036144578313253,0.3602150537634409,0.3806818181818182,186,0.3393939393939394,0.3971631205673759,0.3660130718954248,141,"{""subsample"": 0.85, ""reg_lambda"": 5.0, ""reg_alpha"": 0.0, ""n_estimators"": 450, ""min_child_weight"": 2.0, ""max_depth"": 5, ""learning_rate"": 0.0625, ""gamma"": 0.0125, ""colsample_bytree"": 0.95}"
B,XGBoost,5,F2,6.833973599990713,0.32110805703376655,0.32122093023255816,0.26973684210526316,0.3178294573643411,0.2918149466192171,129,0.34615384615384615,0.3125,0.3284671532846715,144,0.35333333333333333,0.3333333333333333,0.343042071197411,159,"{""subsample"": 0.85, ""reg_lambda"": 5.0, ""reg_alpha"": 0.0, ""n_estimators"": 450, ""min_child_weight"": 2.0, ""max_depth"": 5, ""learning_rate"": 0.0625, ""gamma"": 0.0125, ""colsample_bytree"": 0.95}"
B,XGBoost,5,F3,7.334902500006137,0.3499030887871665,0.3505545908230472,0.3816793893129771,0.34965034965034963,0.36496350364963503,143,0.36129032258064514,0.4,0.37966101694915255,140,0.3082191780821918,0.30201342281879195,0.3050847457627119,149,"{""subsample"": 0.85, ""reg_lambda"": 5.0, ""reg_alpha"": 0.0, ""n_estimators"": 450, ""min_child_weight"": 2.0, ""max_depth"": 5, ""learning_rate"": 0.0625, ""gamma"": 0.0125, ""colsample_bytree"": 0.95}"
B,XGBoost,5,F4,7.492945599995437,0.3392826943055254,0.34378776219305035,0.4051724137931034,0.4563106796116505,0.4292237442922374,206,0.28378378378378377,0.22340425531914893,0.25,188,0.32653061224489793,0.3516483516483517,0.3386243386243386,182,"{""subsample"": 0.85, ""reg_lambda"": 5.0, ""reg_alpha"": 0.0, ""n_estimators"": 450, ""min_child_weight"": 2.0, ""max_depth"": 5, ""learning_rate"": 0.0625, ""gamma"": 0.0125, ""colsample_bytree"": 0.95}"
B,XGBoost,6,F1,1.2946055999927921,0.29983733269977036,0.3045581810852916,0.16455696202531644,0.12380952380952381,0.14130434782608695,105,0.4074074074074074,0.41397849462365593,0.4106666666666667,186,0.3231707317073171,0.375886524822695,0.3475409836065574,141,"{""subsample"": 0.75, ""reg_lambda"": 20.0, ""reg_alpha"": 0.001, ""n_estimators"": 315, ""min_child_weight"": 5.0, ""max_depth"": 2, ""learning_rate"": 0.025, ""gamma"": 0.05, ""colsample_bytree"": 0.7}"
B,XGBoost,6,F2,1.3619293999945512,0.33870796083439764,0.3401254205060699,0.28368794326241137,0.31007751937984496,0.2962962962962963,129,0.35625,0.3958333333333333,0.375,144,0.3816793893129771,0.31446540880503143,0.3448275862068966,159,"{""subsample"": 0.75, ""reg_lambda"": 20.0, ""reg_alpha"": 0.001, ""n_estimators"": 315, ""min_child_weight"": 5.0, ""max_depth"": 2, ""learning_rate"": 0.025, ""gamma"": 0.05, ""colsample_bytree"": 0.7}"
B,XGBoost,6,F3,1.3707488000072772,0.3790922209104027,0.3830870471810069,0.43434343434343436,0.3006993006993007,0.35537190082644626,143,0.3791208791208791,0.4928571428571429,0.42857142857142855,140,0.3509933774834437,0.35570469798657717,0.35333333333333333,149,"{""subsample"": 0.75, ""reg_lambda"": 20.0, ""reg_alpha"": 0.001, ""n_estimators"": 315, ""min_child_weight"": 5.0, ""max_depth"": 2, ""learning_rate"": 0.025, ""gamma"": 0.05, ""colsample_bytree"": 0.7}"
B,XGBoost,6,F4,1.4175993999961065,0.3602926151437413,0.36296859169199597,0.44206008583690987,0.5,0.46924829157175396,206,0.3413173652694611,0.30319148936170215,0.3211267605633803,188,0.29545454545454547,0.2857142857142857,0.2905027932960894,182,"{""subsample"": 0.75, ""reg_lambda"": 20.0, ""reg_alpha"": 0.001, ""n_estimators"": 315, ""min_child_weight"": 5.0, ""max_depth"": 2, ""learning_rate"": 0.025, ""gamma"": 0.05, ""colsample_bytree"": 0.7}"
B,XGBoost,7,F1,2.9016883000003872,0.30072125075868666,0.30390125393557105,0.1797752808988764,0.1523809523809524,0.16494845360824742,105,0.4069767441860465,0.3763440860215054,0.39106145251396646,186,0.3157894736842105,0.3829787234042553,0.34615384615384615,141,"{""subsample"": 0.75, ""reg_lambda"": 2.0, ""reg_alpha"": 0.0, ""n_estimators"": 675, ""min_child_weight"": 2.0, ""max_depth"": 2, ""learning_rate"": 0.037500000000000006, ""gamma"": 0.025, ""colsample_bytree"": 0.95}"
B,XGBoost,7,F2,2.914693200000329,0.34613020135308625,0.34575959241382676,0.2702702702702703,0.31007751937984496,0.2888086642599278,129,0.375,0.375,0.375,144,0.4,0.3522012578616352,0.3745819397993311,159,"{""subsample"": 0.75, ""reg_lambda"": 2.0, ""reg_alpha"": 0.0, ""n_estimators"": 675, ""min_child_weight"": 2.0, ""max_depth"": 2, ""learning_rate"": 0.037500000000000006, ""gamma"": 0.025, ""colsample_bytree"": 0.95}"
B,XGBoost,7,F3,3.0058735000056913,0.3787884579679121,0.38189260404025505,0.40594059405940597,0.2867132867132867,0.3360655737704918,143,0.3780487804878049,0.44285714285714284,0.40789473684210525,140,0.3712574850299401,0.4161073825503356,0.3924050632911392,149,"{""subsample"": 0.75, ""reg_lambda"": 2.0, ""reg_alpha"": 0.0, ""n_estimators"": 675, ""min_child_weight"": 2.0, ""max_depth"": 2, ""learning_rate"": 0.037500000000000006, ""gamma"": 0.025, ""colsample_bytree"": 0.95}"
B,XGBoost,7,F4,3.2031297000066843,0.3506636289691489,0.35509419314418283,0.42016806722689076,0.4854368932038835,0.45045045045045046,206,0.32857142857142857,0.24468085106382978,0.2804878048780488,188,0.30808080808080807,0.33516483516483514,0.32105263157894737,182,"{""subsample"": 0.75, ""reg_lambda"": 2.0, ""reg_alpha"": 0.0, ""n_estimators"": 675, ""min_child_weight"": 2.0, ""max_depth"": 2, ""learning_rate"": 0.037500000000000006, ""gamma"": 0.025, ""colsample_bytree"": 0.95}"
B,XGBoost,8,F1,4.882970599996042,0.31041401453484646,0.31187153424627684,0.21505376344086022,0.19047619047619047,0.20202020202020202,105,0.4294478527607362,0.3763440860215054,0.40114613180515757,186,0.29545454545454547,0.36879432624113473,0.3280757097791798,141,"{""subsample"": 0.95, ""reg_lambda"": 2.0, ""reg_alpha"": 0.01, ""n_estimators"": 675, ""min_child_weight"": 1, ""max_depth"": 4, ""learning_rate"": 0.0625, ""gamma"": 0.085, ""colsample_bytree"": 0.55}"
B,XGBoost,8,F2,4.939699299997301,0.3206044626136668,0.320733386963093,0.27586206896551724,0.31007751937984496,0.291970802919708,129,0.32142857142857145,0.3125,0.31690140845070425,144,0.3673469387755102,0.33962264150943394,0.35294117647058826,159,"{""subsample"": 0.95, ""reg_lambda"": 2.0, ""reg_alpha"": 0.01, ""n_estimators"": 675, ""min_child_weight"": 1, ""max_depth"": 4, ""learning_rate"": 0.0625, ""gamma"": 0.085, ""colsample_bytree"": 0.55}"
B,XGBoost,8,F3,5.157932100002654,0.36593869671290064,0.36592691424906193,0.3968253968253968,0.34965034965034963,0.37174721189591076,143,0.34615384615384615,0.38571428571428573,0.36486486486486486,140,0.36,0.3624161073825503,0.3612040133779264,149,"{""subsample"": 0.95, ""reg_lambda"": 2.0, ""reg_alpha"": 0.01, ""n_estimators"": 675, ""min_child_weight"": 1, ""max_depth"": 4, ""learning_rate"": 0.0625, ""gamma"": 0.085, ""colsample_bytree"": 0.55}"
B,XGBoost,8,F4,5.285699400003068,0.3517620102900884,0.35724841157602977,0.4117647058823529,0.441747572815534,0.4262295081967213,206,0.2978723404255319,0.22340425531914893,0.2553191489361702,188,0.34579439252336447,0.4065934065934066,0.37373737373737376,182,"{""subsample"": 0.95, ""reg_lambda"": 2.0, ""reg_alpha"": 0.01, ""n_estimators"": 675, ""min_child_weight"": 1, ""max_depth"": 4, ""learning_rate"": 0.0625, ""gamma"": 0.085, ""colsample_bytree"": 0.55}"
B,XGBoost,9,F1,8.968662700004643,0.2994200511196439,0.3049688967327952,0.18823529411764706,0.1523809523809524,0.16842105263157894,105,0.39263803680981596,0.34408602150537637,0.3667621776504298,186,0.32065217391304346,0.41843971631205673,0.3630769230769231,141,"{""subsample"": 1.0, ""reg_lambda"": 2.0, ""reg_alpha"": 0.01, ""n_estimators"": 450, ""min_child_weight"": 1, ""max_depth"": 6, ""learning_rate"": 0.025, ""gamma"": 0.025, ""colsample_bytree"": 0.55}"
B,XGBoost,9,F2,9.09972139999445,0.3209843899954952,0.3214900947459087,0.2781456953642384,0.32558139534883723,0.3,129,0.32592592592592595,0.3055555555555556,0.3154121863799283,144,0.363013698630137,0.3333333333333333,0.3475409836065574,159,"{""subsample"": 1.0, ""reg_lambda"": 2.0, ""reg_alpha"": 0.01, ""n_estimators"": 450, ""min_child_weight"": 1, ""max_depth"": 6, ""learning_rate"": 0.025, ""gamma"": 0.025, ""colsample_bytree"": 0.55}"
B,XGBoost,9,F3,9.363557599994238,0.39202914428632624,0.3940729293078286,0.41964285714285715,0.32867132867132864,0.3686274509803922,143,0.3869047619047619,0.4642857142857143,0.42207792207792205,140,0.3815789473684211,0.38926174496644295,0.3853820598006645,149,"{""subsample"": 1.0, ""reg_lambda"": 2.0, ""reg_alpha"": 0.01, ""n_estimators"": 450, ""min_child_weight"": 1, ""max_depth"": 6, ""learning_rate"": 0.025, ""gamma"": 0.025, ""colsample_bytree"": 0.55}"
B,XGBoost,9,F4,9.867158099994413,0.3533123897707231,0.35768273591037486,0.42920353982300885,0.470873786407767,0.44907407407407407,206,0.2972972972972973,0.23404255319148937,0.2619047619047619,188,0.3316831683168317,0.36813186813186816,0.3489583333333333,182,"{""subsample"": 1.0, ""reg_lambda"": 2.0, ""reg_alpha"": 0.01, ""n_estimators"": 450, ""min_child_weight"": 1, ""max_depth"": 6, ""learning_rate"": 0.025, ""gamma"": 0.025, ""colsample_bytree"": 0.55}"
B,XGBoost,10,F1,2.7192921999958344,0.3092528142998218,0.3149110479240884,0.18292682926829268,0.14285714285714285,0.16042780748663102,105,0.4046242774566474,0.3763440860215054,0.38997214484679665,186,0.3389830508474576,0.425531914893617,0.37735849056603776,141,"{""subsample"": 0.95, ""reg_lambda"": 2.0, ""reg_alpha"": 0.0, ""n_estimators"": 675, ""min_child_weight"": 3.0, ""max_depth"": 2, ""learning_rate"": 0.05, ""gamma"": 0.15000000000000002, ""colsample_bytree"": 1.0}"
B,XGBoost,10,F2,2.8208574000018416,0.3525260218329525,0.35183052183381275,0.273972602739726,0.31007751937984496,0.2909090909090909,129,0.3732394366197183,0.3680555555555556,0.3706293706293706,144,0.4166666666666667,0.37735849056603776,0.39603960396039606,159,"{""subsample"": 0.95, ""reg_lambda"": 2.0, ""reg_alpha"": 0.0, ""n_estimators"": 675, ""min_child_weight"": 3.0, ""max_depth"": 2, ""learning_rate"": 0.05, ""gamma"": 0.15000000000000002, ""colsample_bytree"": 1.0}"
B,XGBoost,10,F3,3.122752999988734,0.3664339656550241,0.36808225331715266,0.3805309734513274,0.3006993006993007,0.3359375,143,0.36477987421383645,0.4142857142857143,0.3879598662207358,140,0.3625,0.38926174496644295,0.37540453074433655,149,"{""subsample"": 0.95, ""reg_lambda"": 2.0, ""reg_alpha"": 0.0, ""n_estimators"": 675, ""min_child_weight"": 3.0, ""max_depth"": 2, ""learning_rate"": 0.05, ""gamma"": 0.15000000000000002, ""colsample_bytree"": 1.0}"
B,XGBoost,10,F4,3.0435307000007015,0.37519922078705675,0.37833962498288054,0.4410480349344978,0.49029126213592233,0.46436781609195404,206,0.35135135135135137,0.2765957446808511,0.30952380952380953,188,0.33668341708542715,0.36813186813186816,0.35170603674540685,182,"{""subsample"": 0.95, ""reg_lambda"": 2.0, ""reg_alpha"": 0.0, ""n_estimators"": 675, ""min_child_weight"": 3.0, ""max_depth"": 2, ""learning_rate"": 0.05, ""gamma"": 0.15000000000000002, ""colsample_bytree"": 1.0}"
B,XGBoost,11,F1,5.477104599995073,0.3341084756273116,0.3371332701463106,0.22448979591836735,0.20952380952380953,0.21674876847290642,105,0.4375,0.3763440860215054,0.4046242774566474,186,0.3448275862068966,0.425531914893617,0.38095238095238093,141,"{""subsample"": 0.65, ""reg_lambda"": 20.0, ""reg_alpha"": 0.001, ""n_estimators"": 315, ""min_child_weight"": 1, ""max_depth"": 5, ""learning_rate"": 0.0625, ""gamma"": 0.05, ""colsample_bytree"": 0.85}"
B,XGBoost,11,F2,5.466060200007632,0.3203506633603721,0.3202458436936278,0.2671232876712329,0.3023255813953488,0.28363636363636363,129,0.33088235294117646,0.3125,0.32142857142857145,144,0.36666666666666664,0.34591194968553457,0.3559870550161812,159,"{""subsample"": 0.65, ""reg_lambda"": 20.0, ""reg_alpha"": 0.001, ""n_estimators"": 315, ""min_child_weight"": 1, ""max_depth"": 5, ""learning_rate"": 0.0625, ""gamma"": 0.05, ""colsample_bytree"": 0.85}"
B,XGBoost,11,F3,5.692158499994548,0.35579743155912724,0.3562214072281186,0.37815126050420167,0.3146853146853147,0.3435114503816794,143,0.33986928104575165,0.37142857142857144,0.35494880546075086,140,0.35625,0.3825503355704698,0.36893203883495146,149,"{""subsample"": 0.65, ""reg_lambda"": 20.0, ""reg_alpha"": 0.001, ""n_estimators"": 315, ""min_child_weight"": 1, ""max_depth"": 5, ""learning_rate"": 0.0625, ""gamma"": 0.05, ""colsample_bytree"": 0.85}"
B,XGBoost,11,F4,5.728608699995675,0.34635070270202156,0.3482049693059815,0.39111111111111113,0.42718446601941745,0.40835266821345706,206,0.33116883116883117,0.2712765957446808,0.2982456140350877,188,0.3197969543147208,0.34615384615384615,0.3324538258575198,182,"{""subsample"": 0.65, ""reg_lambda"": 20.0, ""reg_alpha"": 0.001, ""n_estimators"": 315, ""min_child_weight"": 1, ""max_depth"": 5, ""learning_rate"": 0.0625, ""gamma"": 0.05, ""colsample_bytree"": 0.85}"
B,XGBoost,12,F1,3.568545999994967,0.3232111435363189,0.3271998344064233,0.2247191011235955,0.19047619047619047,0.20618556701030927,105,0.422360248447205,0.3655913978494624,0.3919308357348703,186,0.32967032967032966,0.425531914893617,0.3715170278637771,141,"{""subsample"": 0.85, ""reg_lambda"": 10.0, ""reg_alpha"": 0.01, ""n_estimators"": 562, ""min_child_weight"": 1, ""max_depth"": 3, ""learning_rate"": 0.0625, ""gamma"": 0.15000000000000002, ""colsample_bytree"": 0.85}"
B,XGBoost,12,F2,3.5302095000079134,0.3355480943138727,0.33537898363479757,0.267515923566879,0.32558139534883723,0.2937062937062937,129,0.37037037037037035,0.3472222222222222,0.35842293906810035,144,0.37857142857142856,0.3333333333333333,0.35451505016722407,159,"{""subsample"": 0.85, ""reg_lambda"": 10.0, ""reg_alpha"": 0.01, ""n_estimators"": 562, ""min_child_weight"": 1, ""max_depth"": 3, ""learning_rate"": 0.0625, ""gamma"": 0.15000000000000002, ""colsample_bytree"": 0.85}"
B,XGBoost,12,F3,3.671952799995779,0.37982846048340974,0.379869012419348,0.40298507462686567,0.3776223776223776,0.3898916967509025,143,0.3618421052631579,0.39285714285714285,0.3767123287671233,140,0.3767123287671233,0.3691275167785235,0.3728813559322034,149,"{""subsample"": 0.85, ""reg_lambda"": 10.0, ""reg_alpha"": 0.01, ""n_estimators"": 562, ""min_child_weight"": 1, ""max_depth"": 3, ""learning_rate"": 0.0625, ""gamma"": 0.15000000000000002, ""colsample_bytree"": 0.85}"
B,XGBoost,12,F4,3.68575819999387,0.351293726848307,0.35409577683901167,0.405982905982906,0.46116504854368934,0.4318181818181818,206,0.33112582781456956,0.26595744680851063,0.2949852507374631,188,0.3193717277486911,0.33516483516483514,0.32707774798927614,182,"{""subsample"": 0.85, ""reg_lambda"": 10.0, ""reg_alpha"": 0.01, ""n_estimators"": 562, ""min_child_weight"": 1, ""max_depth"": 3, ""learning_rate"": 0.0625, ""gamma"": 0.15000000000000002, ""colsample_bytree"": 0.85}"
B,XGBoost,13,F1,13.478628500000923,0.31681077320612205,0.3191260581102723,0.20388349514563106,0.2,0.20192307692307693,105,0.4240506329113924,0.3602150537634409,0.38953488372093026,186,0.32748538011695905,0.3971631205673759,0.358974358974359,141,"{""subsample"": 1.0, ""reg_lambda"": 10.0, ""reg_alpha"": 0.001, ""n_estimators"": 675, ""min_child_weight"": 2.0, ""max_depth"": 6, ""learning_rate"": 0.037500000000000006, ""gamma"": 0.025, ""colsample_bytree"": 0.85}"
B,XGBoost,13,F2,15.543749000004027,0.31554667974680584,0.3151946922789397,0.2517985611510791,0.2713178294573643,0.26119402985074625,129,0.35714285714285715,0.3472222222222222,0.352112676056338,144,0.33986928104575165,0.3270440251572327,0.3333333333333333,159,"{""subsample"": 1.0, ""reg_lambda"": 10.0, ""reg_alpha"": 0.001, ""n_estimators"": 675, ""min_child_weight"": 2.0, ""max_depth"": 6, ""learning_rate"": 0.037500000000000006, ""gamma"": 0.025, ""colsample_bytree"": 0.85}"
B,XGBoost,13,F3,16.01344739999331,0.3798455050337785,0.37944359890668616,0.4146341463414634,0.35664335664335667,0.38345864661654133,143,0.375,0.38571428571428573,0.38028169014084506,140,0.3575757575757576,0.3959731543624161,0.37579617834394907,149,"{""subsample"": 1.0, ""reg_lambda"": 10.0, ""reg_alpha"": 0.001, ""n_estimators"": 675, ""min_child_weight"": 2.0, ""max_depth"": 6, ""learning_rate"": 0.037500000000000006, ""gamma"": 0.025, ""colsample_bytree"": 0.85}"
B,XGBoost,13,F4,16.828230500002974,0.3453965192634431,0.348225399196273,0.40271493212669685,0.4320388349514563,0.4168618266978923,206,0.3092105263157895,0.25,0.27647058823529413,188,0.3251231527093596,0.3626373626373626,0.34285714285714286,182,"{""subsample"": 1.0, ""reg_lambda"": 10.0, ""reg_alpha"": 0.001, ""n_estimators"": 675, ""min_child_weight"": 2.0, ""max_depth"": 6, ""learning_rate"": 0.037500000000000006, ""gamma"": 0.025, ""colsample_bytree"": 0.85}"
B,XGBoost,14,F1,2.7923186000116402,0.3186319893117224,0.3207384166203658,0.23423423423423423,0.24761904761904763,0.24074074074074073,105,0.39375,0.3387096774193548,0.36416184971098264,186,0.32919254658385094,0.375886524822695,0.3509933774834437,141,"{""subsample"": 0.85, ""reg_lambda"": 20.0, ""reg_alpha"": 0.0, ""n_estimators"": 315, ""min_child_weight"": 3.0, ""max_depth"": 4, ""learning_rate"": 0.07500000000000001, ""gamma"": 0.15000000000000002, ""colsample_bytree"": 1.0}"
B,XGBoost,14,F2,2.840810900001088,0.3164468705540477,0.31654051484569257,0.2684563758389262,0.31007751937984496,0.28776978417266186,129,0.3409090909090909,0.3125,0.32608695652173914,144,0.3443708609271523,0.3270440251572327,0.33548387096774196,159,"{""subsample"": 0.85, ""reg_lambda"": 20.0, ""reg_alpha"": 0.0, ""n_estimators"": 315, ""min_child_weight"": 3.0, ""max_depth"": 4, ""learning_rate"": 0.07500000000000001, ""gamma"": 0.15000000000000002, ""colsample_bytree"": 1.0}"
B,XGBoost,14,F3,2.9429887000005692,0.3558585858585859,0.35679667089063066,0.371900826446281,0.3146853146853147,0.3409090909090909,143,0.35,0.4,0.37333333333333335,140,0.3509933774834437,0.35570469798657717,0.35333333333333333,149,"{""subsample"": 0.85, ""reg_lambda"": 20.0, ""reg_alpha"": 0.0, ""n_estimators"": 315, ""min_child_weight"": 3.0, ""max_depth"": 4, ""learning_rate"": 0.07500000000000001, ""gamma"": 0.15000000000000002, ""colsample_bytree"": 1.0}"
B,XGBoost,14,F4,3.0470688000059454,0.35579405767054495,0.3589501457710505,0.41350210970464135,0.47572815533980584,0.44243792325056436,206,0.32051282051282054,0.26595744680851063,0.29069767441860467,188,0.3333333333333333,0.33516483516483514,0.33424657534246577,182,"{""subsample"": 0.85, ""reg_lambda"": 20.0, ""reg_alpha"": 0.0, ""n_estimators"": 315, ""min_child_weight"": 3.0, ""max_depth"": 4, ""learning_rate"": 0.07500000000000001, ""gamma"": 0.15000000000000002, ""colsample_bytree"": 1.0}"
B,XGBoost,15,F1,3.8885521000047447,0.3177265105080495,0.319936595091022,0.23655913978494625,0.20952380952380953,0.2222222222222222,105,0.4110429447852761,0.3602150537634409,0.3839541547277937,186,0.3125,0.3900709219858156,0.3470031545741325,141,"{""subsample"": 0.95, ""reg_lambda"": 20.0, ""reg_alpha"": 0.0, ""n_estimators"": 450, ""min_child_weight"": 2.0, ""max_depth"": 4, ""learning_rate"": 0.037500000000000006, ""gamma"": 0.15000000000000002, ""colsample_bytree"": 0.7}"
B,XGBoost,15,F2,3.726574000000255,0.33773027230416913,0.3384505062324281,0.2894736842105263,0.34108527131782945,0.31316725978647686,129,0.3597122302158273,0.3472222222222222,0.35335689045936397,144,0.36879432624113473,0.3270440251572327,0.3466666666666667,159,"{""subsample"": 0.95, ""reg_lambda"": 20.0, ""reg_alpha"": 0.0, ""n_estimators"": 450, ""min_child_weight"": 2.0, ""max_depth"": 4, ""learning_rate"": 0.037500000000000006, ""gamma"": 0.15000000000000002, ""colsample_bytree"": 0.7}"
B,XGBoost,15,F3,3.9294549000042025,0.36746366877545916,0.36874534861112035,0.3790322580645161,0.32867132867132864,0.352059925093633,143,0.37735849056603776,0.42857142857142855,0.4013377926421405,140,0.348993288590604,0.348993288590604,0.348993288590604,149,"{""subsample"": 0.95, ""reg_lambda"": 20.0, ""reg_alpha"": 0.0, ""n_estimators"": 450, ""min_child_weight"": 2.0, ""max_depth"": 4, ""learning_rate"": 0.037500000000000006, ""gamma"": 0.15000000000000002, ""colsample_bytree"": 0.7}"
B,XGBoost,15,F4,3.9785766000131844,0.3434673326332855,0.3472754092977188,0.40869565217391307,0.4563106796116505,0.43119266055045874,206,0.3125,0.2393617021276596,0.2710843373493976,188,0.3118811881188119,0.34615384615384615,0.328125,182,"{""subsample"": 0.95, ""reg_lambda"": 20.0, ""reg_alpha"": 0.0, ""n_estimators"": 450, ""min_child_weight"": 2.0, ""max_depth"": 4, ""learning_rate"": 0.037500000000000006, ""gamma"": 0.15000000000000002, ""colsample_bytree"": 0.7}"
B,XGBoost,16,F1,2.4054025000077672,0.30398525215828115,0.3075628329574795,0.19230769230769232,0.19047619047619047,0.19138755980861244,105,0.40131578947368424,0.3279569892473118,0.3609467455621302,186,0.32386363636363635,0.40425531914893614,0.35962145110410093,141,"{""subsample"": 0.75, ""reg_lambda"": 50.0, ""reg_alpha"": 0.0, ""n_estimators"": 562, ""min_child_weight"": 1, ""max_depth"": 2, ""learning_rate"": 0.0625, ""gamma"": 0.085, ""colsample_bytree"": 0.85}"
B,XGBoost,16,F2,2.49370409999392,0.3215930215930216,0.3227495815253603,0.271523178807947,0.3178294573643411,0.29285714285714287,129,0.3611111111111111,0.3611111111111111,0.3611111111111111,144,0.3357664233576642,0.2893081761006289,0.3108108108108108,159,"{""subsample"": 0.75, ""reg_lambda"": 50.0, ""reg_alpha"": 0.0, ""n_estimators"": 562, ""min_child_weight"": 1, ""max_depth"": 2, ""learning_rate"": 0.0625, ""gamma"": 0.085, ""colsample_bytree"": 0.85}"
B,XGBoost,16,F3,2.600786099996185,0.3733468065344405,0.3758442899382497,0.39823008849557523,0.3146853146853147,0.3515625,143,0.3742690058479532,0.45714285714285713,0.4115755627009646,140,0.3581081081081081,0.35570469798657717,0.3569023569023569,149,"{""subsample"": 0.75, ""reg_lambda"": 50.0, ""reg_alpha"": 0.0, ""n_estimators"": 562, ""min_child_weight"": 1, ""max_depth"": 2, ""learning_rate"": 0.0625, ""gamma"": 0.085, ""colsample_bytree"": 0.85}"
B,XGBoost,16,F4,2.66239470000437,0.36573524820216546,0.3708791208791209,0.42386831275720166,0.5,0.45879732739420936,206,0.34558823529411764,0.25,0.29012345679012347,188,0.3350253807106599,0.3626373626373626,0.3482849604221636,182,"{""subsample"": 0.75, ""reg_lambda"": 50.0, ""reg_alpha"": 0.0, ""n_estimators"": 562, ""min_child_weight"": 1, ""max_depth"": 2, ""learning_rate"": 0.0625, ""gamma"": 0.085, ""colsample_bytree"": 0.85}"
B,XGBoost,17,F1,7.402858999994351,0.3077767199041063,0.30983211861729365,0.2268041237113402,0.20952380952380953,0.21782178217821782,105,0.3878787878787879,0.34408602150537637,0.3646723646723647,186,0.31176470588235294,0.375886524822695,0.3408360128617363,141,"{""subsample"": 0.75, ""reg_lambda"": 5.0, ""reg_alpha"": 0.01, ""n_estimators"": 315, ""min_child_weight"": 2.0, ""max_depth"": 6, ""learning_rate"": 0.05, ""gamma"": 0.085, ""colsample_bytree"": 1.0}"
B,XGBoost,17,F2,7.589634499992826,0.3605003375259453,0.3598008385744234,0.28859060402684567,0.3333333333333333,0.30935251798561153,129,0.4122137404580153,0.375,0.3927272727272727,144,0.3881578947368421,0.3710691823899371,0.37942122186495175,159,"{""subsample"": 0.75, ""reg_lambda"": 5.0, ""reg_alpha"": 0.01, ""n_estimators"": 315, ""min_child_weight"": 2.0, ""max_depth"": 6, ""learning_rate"": 0.05, ""gamma"": 0.085, ""colsample_bytree"": 1.0}"
B,XGBoost,17,F3,7.806747599999653,0.37251681381270285,0.3730758056261412,0.41228070175438597,0.32867132867132864,0.3657587548638132,143,0.3710691823899371,0.42142857142857143,0.39464882943143814,140,0.34591194968553457,0.3691275167785235,0.35714285714285715,149,"{""subsample"": 0.75, ""reg_lambda"": 5.0, ""reg_alpha"": 0.01, ""n_estimators"": 315, ""min_child_weight"": 2.0, ""max_depth"": 6, ""learning_rate"": 0.05, ""gamma"": 0.085, ""colsample_bytree"": 1.0}"
B,XGBoost,17,F4,8.368124399989028,0.34207612340778076,0.34390182908051115,0.4026548672566372,0.441747572815534,0.4212962962962963,206,0.3167701863354037,0.2712765957446808,0.2922636103151863,188,0.30687830687830686,0.31868131868131866,0.31266846361185985,182,"{""subsample"": 0.75, ""reg_lambda"": 5.0, ""reg_alpha"": 0.01, ""n_estimators"": 315, ""min_child_weight"": 2.0, ""max_depth"": 6, ""learning_rate"": 0.05, ""gamma"": 0.085, ""colsample_bytree"": 1.0}"
B,XGBoost,18,F1,1.832636100007221,0.3154479315025301,0.3214312950071358,0.18292682926829268,0.14285714285714285,0.16042780748663102,105,0.4034090909090909,0.3817204301075269,0.39226519337016574,186,0.3563218390804598,0.4397163120567376,0.39365079365079364,141,"{""subsample"": 1.0, ""reg_lambda"": 20.0, ""reg_alpha"": 0.001, ""n_estimators"": 315, ""min_child_weight"": 5.0, ""max_depth"": 3, ""learning_rate"": 0.07500000000000001, ""gamma"": 0.05, ""colsample_bytree"": 0.85}"
B,XGBoost,18,F2,1.8834663000016008,0.34032029475133374,0.34076532104724294,0.27848101265822783,0.34108527131782945,0.30662020905923343,129,0.3722627737226277,0.3541666666666667,0.36298932384341637,144,0.3795620437956204,0.3270440251572327,0.35135135135135137,159,"{""subsample"": 1.0, ""reg_lambda"": 20.0, ""reg_alpha"": 0.001, ""n_estimators"": 315, ""min_child_weight"": 5.0, ""max_depth"": 3, ""learning_rate"": 0.07500000000000001, ""gamma"": 0.05, ""colsample_bytree"": 0.85}"
B,XGBoost,18,F3,1.900242799994885,0.39533574533574534,0.3966855292358648,0.4358974358974359,0.35664335664335667,0.3923076923076923,143,0.3869047619047619,0.4642857142857143,0.42207792207792205,140,0.3741496598639456,0.3691275167785235,0.3716216216216216,149,"{""subsample"": 1.0, ""reg_lambda"": 20.0, ""reg_alpha"": 0.001, ""n_estimators"": 315, ""min_child_weight"": 5.0, ""max_depth"": 3, ""learning_rate"": 0.07500000000000001, ""gamma"": 0.05, ""colsample_bytree"": 0.85}"
B,XGBoost,18,F4,1.9934491000021808,0.367999773852936,0.37024901009614913,0.4383561643835616,0.46601941747572817,0.45176470588235296,206,0.33121019108280253,0.2765957446808511,0.30144927536231886,188,0.335,0.36813186813186816,0.3507853403141361,182,"{""subsample"": 1.0, ""reg_lambda"": 20.0, ""reg_alpha"": 0.001, ""n_estimators"": 315, ""min_child_weight"": 5.0, ""max_depth"": 3, ""learning_rate"": 0.07500000000000001, ""gamma"": 0.05, ""colsample_bytree"": 0.85}"
B,XGBoost,19,F1,8.97113530000206,0.3379527835594329,0.3420237278164526,0.26136363636363635,0.21904761904761905,0.23834196891191708,105,0.40606060606060607,0.3602150537634409,0.3817663817663818,186,0.35195530726256985,0.44680851063829785,0.39375,141,"{""subsample"": 1.0, ""reg_lambda"": 50.0, ""reg_alpha"": 0.0, ""n_estimators"": 315, ""min_child_weight"": 1, ""max_depth"": 6, ""learning_rate"": 0.037500000000000006, ""gamma"": 0.025, ""colsample_bytree"": 0.85}"
B,XGBoost,19,F2,8.894092999995337,0.34086296375589026,0.3402056620025027,0.2689655172413793,0.3023255813953488,0.2846715328467153,129,0.373134328358209,0.3472222222222222,0.3597122302158273,144,0.38562091503267976,0.3710691823899371,0.3782051282051282,159,"{""subsample"": 1.0, ""reg_lambda"": 50.0, ""reg_alpha"": 0.0, ""n_estimators"": 315, ""min_child_weight"": 1, ""max_depth"": 6, ""learning_rate"": 0.037500000000000006, ""gamma"": 0.025, ""colsample_bytree"": 0.85}"
B,XGBoost,19,F3,9.070486399999936,0.3845064165430298,0.3848746331967808,0.42276422764227645,0.36363636363636365,0.39097744360902253,143,0.37735849056603776,0.42857142857142855,0.4013377926421405,140,0.36,0.3624161073825503,0.3612040133779264,149,"{""subsample"": 1.0, ""reg_lambda"": 50.0, ""reg_alpha"": 0.0, ""n_estimators"": 315, ""min_child_weight"": 1, ""max_depth"": 6, ""learning_rate"": 0.037500000000000006, ""gamma"": 0.025, ""colsample_bytree"": 0.85}"
B,XGBoost,19,F4,9.279260999988765,0.35687463085108906,0.36265400921463714,0.43478260869565216,0.4854368932038835,0.45871559633027525,206,0.2978723404255319,0.22340425531914893,0.2553191489361702,188,0.33658536585365856,0.3791208791208791,0.35658914728682173,182,"{""subsample"": 1.0, ""reg_lambda"": 50.0, ""reg_alpha"": 0.0, ""n_estimators"": 315, ""min_child_weight"": 1, ""max_depth"": 6, ""learning_rate"": 0.037500000000000006, ""gamma"": 0.025, ""colsample_bytree"": 0.85}"
B,XGBoost,20,F1,2.6133494999958202,0.3160969892485596,0.32215685633667784,0.2159090909090909,0.18095238095238095,0.19689119170984457,105,0.40384615384615385,0.3387096774193548,0.3684210526315789,186,0.3351063829787234,0.44680851063829785,0.3829787234042553,141,"{""subsample"": 0.65, ""reg_lambda"": 2.0, ""reg_alpha"": 0.001, ""n_estimators"": 315, ""min_child_weight"": 5.0, ""max_depth"": 4, ""learning_rate"": 0.05, ""gamma"": 0.0125, ""colsample_bytree"": 0.85}"
B,XGBoost,20,F2,2.6399003000115044,0.3298614122499819,0.3293375099540084,0.26143790849673204,0.31007751937984496,0.28368794326241137,129,0.35384615384615387,0.3194444444444444,0.3357664233576642,144,0.3825503355704698,0.3584905660377358,0.37012987012987014,159,"{""subsample"": 0.65, ""reg_lambda"": 2.0, ""reg_alpha"": 0.001, ""n_estimators"": 315, ""min_child_weight"": 5.0, ""max_depth"": 4, ""learning_rate"": 0.05, ""gamma"": 0.0125, ""colsample_bytree"": 0.85}"
B,XGBoost,20,F3,2.727564299988444,0.3440003070870891,0.3448979432200909,0.3559322033898305,0.2937062937062937,0.3218390804597701,143,0.3464052287581699,0.37857142857142856,0.36177474402730375,140,0.33540372670807456,0.3624161073825503,0.34838709677419355,149,"{""subsample"": 0.65, ""reg_lambda"": 2.0, ""reg_alpha"": 0.001, ""n_estimators"": 315, ""min_child_weight"": 5.0, ""max_depth"": 4, ""learning_rate"": 0.05, ""gamma"": 0.0125, ""colsample_bytree"": 0.85}"
B,XGBoost,20,F4,2.9230384999973467,0.34222720360494135,0.34472488882734703,0.41739130434782606,0.46601941747572817,0.44036697247706424,206,0.31645569620253167,0.26595744680851063,0.28901734104046245,188,0.2925531914893617,0.3021978021978022,0.2972972972972973,182,"{""subsample"": 0.65, ""reg_lambda"": 2.0, ""reg_alpha"": 0.001, ""n_estimators"": 315, ""min_child_weight"": 5.0, ""max_depth"": 4, ""learning_rate"": 0.05, ""gamma"": 0.0125, ""colsample_bytree"": 0.85}"
B,XGBoost,21,F1,4.122104199996102,0.2978775478282072,0.3018705537579937,0.16666666666666666,0.14285714285714285,0.15384615384615385,105,0.40236686390532544,0.3655913978494624,0.38309859154929576,186,0.3236994219653179,0.3971631205673759,0.35668789808917195,141,"{""subsample"": 0.75, ""reg_lambda"": 10.0, ""reg_alpha"": 0.001, ""n_estimators"": 675, ""min_child_weight"": 3.0, ""max_depth"": 3, ""learning_rate"": 0.025, ""gamma"": 0.05, ""colsample_bytree"": 0.95}"
B,XGBoost,21,F2,4.302569899999071,0.3121356218068481,0.3120276924577056,0.25333333333333335,0.29457364341085274,0.2724014336917563,129,0.35036496350364965,0.3333333333333333,0.3416370106761566,144,0.33793103448275863,0.3081761006289308,0.3223684210526316,159,"{""subsample"": 0.75, ""reg_lambda"": 10.0, ""reg_alpha"": 0.001, ""n_estimators"": 675, ""min_child_weight"": 3.0, ""max_depth"": 3, ""learning_rate"": 0.025, ""gamma"": 0.05, ""colsample_bytree"": 0.95}"
B,XGBoost,21,F3,4.360901699998067,0.3625842951929908,0.3668079124454964,0.37272727272727274,0.2867132867132867,0.3241106719367589,143,0.37714285714285717,0.4714285714285714,0.41904761904761906,140,0.3469387755102041,0.3422818791946309,0.34459459459459457,149,"{""subsample"": 0.75, ""reg_lambda"": 10.0, ""reg_alpha"": 0.001, ""n_estimators"": 675, ""min_child_weight"": 3.0, ""max_depth"": 3, ""learning_rate"": 0.025, ""gamma"": 0.05, ""colsample_bytree"": 0.95}"
B,XGBoost,21,F4,4.611482100008288,0.3503762531841947,0.3551526453302946,0.41841004184100417,0.4854368932038835,0.449438202247191,206,0.3146853146853147,0.2393617021276596,0.2719033232628399,188,0.31958762886597936,0.34065934065934067,0.32978723404255317,182,"{""subsample"": 0.75, ""reg_lambda"": 10.0, ""reg_alpha"": 0.001, ""n_estimators"": 675, ""min_child_weight"": 3.0, ""max_depth"": 3, ""learning_rate"": 0.025, ""gamma"": 0.05, ""colsample_bytree"": 0.95}"
B,XGBoost,22,F1,6.3062753999984125,0.3007060630235144,0.30463553071651905,0.19540229885057472,0.1619047619047619,0.17708333333333334,105,0.39520958083832336,0.3548387096774194,0.37393767705382436,186,0.3146067415730337,0.3971631205673759,0.3510971786833856,141,"{""subsample"": 1.0, ""reg_lambda"": 2.0, ""reg_alpha"": 0.001, ""n_estimators"": 562, ""min_child_weight"": 2.0, ""max_depth"": 5, ""learning_rate"": 0.025, ""gamma"": 0.15000000000000002, ""colsample_bytree"": 0.55}"
B,XGBoost,22,F2,6.122651300000143,0.34184013868792684,0.34215583508036335,0.3006993006993007,0.3333333333333333,0.3161764705882353,129,0.3597122302158273,0.3472222222222222,0.35335689045936397,144,0.36666666666666664,0.34591194968553457,0.3559870550161812,159,"{""subsample"": 1.0, ""reg_lambda"": 2.0, ""reg_alpha"": 0.001, ""n_estimators"": 562, ""min_child_weight"": 2.0, ""max_depth"": 5, ""learning_rate"": 0.025, ""gamma"": 0.15000000000000002, ""colsample_bytree"": 0.55}"
B,XGBoost,22,F3,6.756510500010336,0.36480614252173355,0.36608279863313425,0.39285714285714285,0.3076923076923077,0.34509803921568627,143,0.36875,0.42142857142857143,0.3933333333333333,140,0.34375,0.3691275167785235,0.3559870550161812,149,"{""subsample"": 1.0, ""reg_lambda"": 2.0, ""reg_alpha"": 0.001, ""n_estimators"": 562, ""min_child_weight"": 2.0, ""max_depth"": 5, ""learning_rate"": 0.025, ""gamma"": 0.15000000000000002, ""colsample_bytree"": 0.55}"
B,XGBoost,22,F4,7.298779100005049,0.36265186759188167,0.36733302158834075,0.44782608695652176,0.5,0.4724770642201835,206,0.3,0.2393617021276596,0.26627218934911245,188,0.336734693877551,0.3626373626373626,0.3492063492063492,182,"{""subsample"": 1.0, ""reg_lambda"": 2.0, ""reg_alpha"": 0.001, ""n_estimators"": 562, ""min_child_weight"": 2.0, ""max_depth"": 5, ""learning_rate"": 0.025, ""gamma"": 0.15000000000000002, ""colsample_bytree"": 0.55}"
B,XGBoost,23,F1,3.116274699990754,0.2837410220853331,0.2880195226111492,0.16666666666666666,0.13333333333333333,0.14814814814814814,105,0.38823529411764707,0.3548387096774194,0.3707865168539326,186,0.29775280898876405,0.375886524822695,0.3322884012539185,141,"{""subsample"": 1.0, ""reg_lambda"": 5.0, ""reg_alpha"": 0.01, ""n_estimators"": 562, ""min_child_weight"": 1, ""max_depth"": 3, ""learning_rate"": 0.05, ""gamma"": 0.05, ""colsample_bytree"": 0.55}"
B,XGBoost,23,F2,3.185618399991654,0.3117152414686392,0.31191088521606286,0.26143790849673204,0.31007751937984496,0.28368794326241137,129,0.3208955223880597,0.2986111111111111,0.30935251798561153,144,0.3586206896551724,0.3270440251572327,0.34210526315789475,159,"{""subsample"": 1.0, ""reg_lambda"": 5.0, ""reg_alpha"": 0.01, ""n_estimators"": 562, ""min_child_weight"": 1, ""max_depth"": 3, ""learning_rate"": 0.05, ""gamma"": 0.05, ""colsample_bytree"": 0.55}"
B,XGBoost,23,F3,3.1606516000028932,0.37906822058918177,0.3801187626690982,0.3951612903225806,0.34265734265734266,0.36704119850187267,143,0.36585365853658536,0.42857142857142855,0.39473684210526316,140,0.3819444444444444,0.3691275167785235,0.37542662116040953,149,"{""subsample"": 1.0, ""reg_lambda"": 5.0, ""reg_alpha"": 0.01, ""n_estimators"": 562, ""min_child_weight"": 1, ""max_depth"": 3, ""learning_rate"": 0.05, ""gamma"": 0.05, ""colsample_bytree"": 0.55}"
B,XGBoost,23,F4,3.0890068000007886,0.3615514467785063,0.3666853183998402,0.45161290322580644,0.47572815533980584,0.46335697399527187,206,0.30714285714285716,0.22872340425531915,0.2621951219512195,188,0.3287671232876712,0.3956043956043956,0.35910224438902744,182,"{""subsample"": 1.0, ""reg_lambda"": 5.0, ""reg_alpha"": 0.01, ""n_estimators"": 562, ""min_child_weight"": 1, ""max_depth"": 3, ""learning_rate"": 0.05, ""gamma"": 0.05, ""colsample_bytree"": 0.55}"
B,XGBoost,24,F1,10.477382699988084,0.30213456919590004,0.30372149775032414,0.21,0.2,0.2048780487804878,105,0.39634146341463417,0.34946236559139787,0.37142857142857144,186,0.30357142857142855,0.3617021276595745,0.3300970873786408,141,"{""subsample"": 0.75, ""reg_lambda"": 50.0, ""reg_alpha"": 0.01, ""n_estimators"": 450, ""min_child_weight"": 5.0, ""max_depth"": 6, ""learning_rate"": 0.05, ""gamma"": 0.05, ""colsample_bytree"": 1.0}"
B,XGBoost,24,F2,11.205566600008751,0.32630614325895974,0.3257997741049518,0.2597402597402597,0.31007751937984496,0.2826855123674912,129,0.37404580152671757,0.3402777777777778,0.3563636363636364,144,0.35374149659863946,0.3270440251572327,0.33986928104575165,159,"{""subsample"": 0.75, ""reg_lambda"": 50.0, ""reg_alpha"": 0.01, ""n_estimators"": 450, ""min_child_weight"": 5.0, ""max_depth"": 6, ""learning_rate"": 0.05, ""gamma"": 0.05, ""colsample_bytree"": 1.0}"
B,XGBoost,24,F3,12.015744500007713,0.3358980990559938,0.33579954720894317,0.371900826446281,0.3146853146853147,0.3409090909090909,143,0.32051282051282054,0.35714285714285715,0.33783783783783783,140,0.3225806451612903,0.33557046979865773,0.32894736842105265,149,"{""subsample"": 0.75, ""reg_lambda"": 50.0, ""reg_alpha"": 0.01, ""n_estimators"": 450, ""min_child_weight"": 5.0, ""max_depth"": 6, ""learning_rate"": 0.05, ""gamma"": 0.05, ""colsample_bytree"": 1.0}"
B,XGBoost,24,F4,12.363638800001354,0.34766648933597716,0.3505496775482315,0.4148471615720524,0.46116504854368934,0.4367816091954023,206,0.3057324840764331,0.2553191489361702,0.2782608695652174,188,0.32105263157894737,0.33516483516483514,0.3279569892473118,182,"{""subsample"": 0.75, ""reg_lambda"": 50.0, ""reg_alpha"": 0.01, ""n_estimators"": 450, ""min_child_weight"": 5.0, ""max_depth"": 6, ""learning_rate"": 0.05, ""gamma"": 0.05, ""colsample_bytree"": 1.0}"
B,XGBoost,25,F1,8.080781999989995,0.3042344806977954,0.3078101338911222,0.20224719101123595,0.17142857142857143,0.18556701030927836,105,0.4074074074074074,0.3548387096774194,0.3793103448275862,186,0.30939226519337015,0.3971631205673759,0.34782608695652173,141,"{""subsample"": 1.0, ""reg_lambda"": 10.0, ""reg_alpha"": 0.001, ""n_estimators"": 450, ""min_child_weight"": 3.0, ""max_depth"": 6, ""learning_rate"": 0.037500000000000006, ""gamma"": 0.085, ""colsample_bytree"": 0.55}"
B,XGBoost,25,F2,8.057600799991633,0.32134979715624873,0.3213885232314368,0.2777777777777778,0.31007751937984496,0.29304029304029305,129,0.35555555555555557,0.3333333333333333,0.34408602150537637,144,0.3333333333333333,0.32075471698113206,0.3269230769230769,159,"{""subsample"": 1.0, ""reg_lambda"": 10.0, ""reg_alpha"": 0.001, ""n_estimators"": 450, ""min_child_weight"": 3.0, ""max_depth"": 6, ""learning_rate"": 0.037500000000000006, ""gamma"": 0.085, ""colsample_bytree"": 0.55}"
B,XGBoost,25,F3,8.546359300002223,0.3990179209779936,0.39843523367013295,0.44715447154471544,0.38461538461538464,0.41353383458646614,143,0.3933333333333333,0.42142857142857143,0.4068965517241379,140,0.36477987421383645,0.38926174496644295,0.37662337662337664,149,"{""subsample"": 1.0, ""reg_lambda"": 10.0, ""reg_alpha"": 0.001, ""n_estimators"": 450, ""min_child_weight"": 3.0, ""max_depth"": 6, ""learning_rate"": 0.037500000000000006, ""gamma"": 0.085, ""colsample_bytree"": 0.55}"
B,XGBoost,25,F4,9.801005200002692,0.35336741647341685,0.35926283659190084,0.4267241379310345,0.48058252427184467,0.4520547945205479,206,0.2867132867132867,0.21808510638297873,0.24773413897280966,188,0.34328358208955223,0.3791208791208791,0.360313315926893,182,"{""subsample"": 1.0, ""reg_lambda"": 10.0, ""reg_alpha"": 0.001, ""n_estimators"": 450, ""min_child_weight"": 3.0, ""max_depth"": 6, ""learning_rate"": 0.037500000000000006, ""gamma"": 0.085, ""colsample_bytree"": 0.55}"
