zone_id,ciudad,region,period_start,target_period_start,target_rx5day_mm,amenaza_mes,target_amenaza,prediccion,correcta
babahoyo,Babahoyo,Litoral,2021-12-01,2022-01-01,202.33841800689697,Media,Alta,Alta,True
cuenca,Cuenca,Sierra,2021-12-01,2022-01-01,66.4554328918457,Alta,Media,Media,True
esmeraldas,Esmeraldas,Litoral,2021-12-01,2022-01-01,58.38467025756836,Media,Media,Alta,False
guayaquil,Guayaquil,Litoral,2021-12-01,2022-01-01,164.51630210876465,Baja,Alta,Alta,True
loja,Loja,Sierra,2021-12-01,2022-01-01,78.93436574935913,Media,Alta,Media,False
machala,Machala,Litoral,2021-12-01,2022-01-01,25.742794036865234,Baja,Baja,Media,False
portoviejo,Portoviejo,Litoral,2021-12-01,2022-01-01,44.4744176864624,Baja,Media,Alta,False
puyo,Puyo,Amazonía,2021-12-01,2022-01-01,85.60834217071533,Alta,Alta,Alta,True
quito,Quito,Sierra,2021-12-01,2022-01-01,83.81943798065186,Alta,Alta,Alta,True
riobamba,Riobamba,Sierra,2021-12-01,2022-01-01,65.45554542541504,Media,Media,Media,True
salinas,Salinas,Litoral,2021-12-01,2022-01-01,19.3037428855896,Baja,Baja,Baja,True
tena,Tena,Amazonía,2021-12-01,2022-01-01,100.7010622024536,Alta,Alta,Alta,True
babahoyo,Babahoyo,Litoral,2022-01-01,2022-02-01,147.65201091766355,Alta,Alta,Alta,True
cuenca,Cuenca,Sierra,2022-01-01,2022-02-01,56.59682083129883,Media,Media,Media,True
esmeraldas,Esmeraldas,Litoral,2022-01-01,2022-02-01,108.3217134475708,Media,Alta,Alta,True
guayaquil,Guayaquil,Litoral,2022-01-01,2022-02-01,114.37152194976808,Alta,Alta,Alta,True
loja,Loja,Sierra,2022-01-01,2022-02-01,87.95505952835083,Alta,Alta,Media,False
machala,Machala,Litoral,2022-01-01,2022-02-01,61.37398910522461,Baja,Media,Media,True
portoviejo,Portoviejo,Litoral,2022-01-01,2022-02-01,93.57712984085084,Media,Alta,Alta,True
puyo,Puyo,Amazonía,2022-01-01,2022-02-01,89.54076671600342,Alta,Alta,Alta,True
quito,Quito,Sierra,2022-01-01,2022-02-01,127.92679977416992,Alta,Alta,Alta,True
riobamba,Riobamba,Sierra,2022-01-01,2022-02-01,60.90360116958618,Media,Media,Media,True
salinas,Salinas,Litoral,2022-01-01,2022-02-01,20.695507526397705,Baja,Baja,Baja,True
tena,Tena,Amazonía,2022-01-01,2022-02-01,99.27487373352052,Alta,Alta,Alta,True
babahoyo,Babahoyo,Litoral,2022-02-01,2022-03-01,256.4066925048828,Alta,Alta,Alta,True
cuenca,Cuenca,Sierra,2022-02-01,2022-03-01,70.035409450531,Media,Media,Media,True
esmeraldas,Esmeraldas,Litoral,2022-02-01,2022-03-01,121.00248527526855,Alta,Alta,Alta,True
guayaquil,Guayaquil,Litoral,2022-02-01,2022-03-01,190.424252986908,Alta,Alta,Alta,True
loja,Loja,Sierra,2022-02-01,2022-03-01,104.40448045730592,Alta,Alta,Media,False
machala,Machala,Litoral,2022-02-01,2022-03-01,86.18970251083374,Media,Alta,Alta,True
portoviejo,Portoviejo,Litoral,2022-02-01,2022-03-01,106.59407138824464,Alta,Alta,Alta,True
puyo,Puyo,Amazonía,2022-02-01,2022-03-01,176.82274055480957,Alta,Alta,Alta,True
quito,Quito,Sierra,2022-02-01,2022-03-01,159.08197784423828,Alta,Alta,Alta,True
riobamba,Riobamba,Sierra,2022-02-01,2022-03-01,81.40507125854492,Media,Alta,Media,False
salinas,Salinas,Litoral,2022-02-01,2022-03-01,32.51262378692627,Baja,Baja,Baja,True
tena,Tena,Amazonía,2022-02-01,2022-03-01,212.86557388305664,Alta,Alta,Alta,True
babahoyo,Babahoyo,Litoral,2022-03-01,2022-04-01,90.01423597335815,Alta,Alta,Alta,True
cuenca,Cuenca,Sierra,2022-03-01,2022-04-01,80.56040525436401,Media,Alta,Media,False
esmeraldas,Esmeraldas,Litoral,2022-03-01,2022-04-01,87.56523704528809,Alta,Alta,Alta,True
guayaquil,Guayaquil,Litoral,2022-03-01,2022-04-01,72.56621360778809,Alta,Alta,Alta,True
loja,Loja,Sierra,2022-03-01,2022-04-01,76.29567909240723,Alta,Alta,Media,False
machala,Machala,Litoral,2022-03-01,2022-04-01,51.9018816947937,Alta,Media,Alta,False
portoviejo,Portoviejo,Litoral,2022-03-01,2022-04-01,69.35501408576965,Alta,Media,Alta,False
puyo,Puyo,Amazonía,2022-03-01,2022-04-01,86.64477205276489,Alta,Alta,Alta,True
quito,Quito,Sierra,2022-03-01,2022-04-01,85.87997531890869,Alta,Alta,Alta,True
riobamba,Riobamba,Sierra,2022-03-01,2022-04-01,78.39801692962646,Alta,Alta,Media,False
salinas,Salinas,Litoral,2022-03-01,2022-04-01,29.258854627609253,Baja,Baja,Baja,True
tena,Tena,Amazonía,2022-03-01,2022-04-01,147.69398403167725,Alta,Alta,Alta,True
babahoyo,Babahoyo,Litoral,2022-04-01,2022-05-01,111.80770969390868,Alta,Alta,Alta,True
cuenca,Cuenca,Sierra,2022-04-01,2022-05-01,30.130958557128903,Alta,Baja,Media,False
esmeraldas,Esmeraldas,Litoral,2022-04-01,2022-05-01,84.59081411361694,Alta,Alta,Alta,True
guayaquil,Guayaquil,Litoral,2022-04-01,2022-05-01,72.01377201080322,Alta,Alta,Media,False
loja,Loja,Sierra,2022-04-01,2022-05-01,30.194624722003937,Alta,Baja,Media,False
machala,Machala,Litoral,2022-04-01,2022-05-01,33.50864863395691,Media,Baja,Media,False
portoviejo,Portoviejo,Litoral,2022-04-01,2022-05-01,35.65432149171829,Media,Baja,Media,False
puyo,Puyo,Amazonía,2022-04-01,2022-05-01,117.40533685684204,Alta,Alta,Alta,True
quito,Quito,Sierra,2022-04-01,2022-05-01,107.06824111938477,Alta,Alta,Alta,True
riobamba,Riobamba,Sierra,2022-04-01,2022-05-01,51.34290361404419,Alta,Media,Media,True
salinas,Salinas,Litoral,2022-04-01,2022-05-01,19.040254950523376,Baja,Baja,Baja,True
tena,Tena,Amazonía,2022-04-01,2022-05-01,118.73977851867676,Alta,Alta,Alta,True
babahoyo,Babahoyo,Litoral,2022-05-01,2022-06-01,43.25247412919998,Alta,Media,Alta,False
cuenca,Cuenca,Sierra,2022-05-01,2022-06-01,45.49521398544312,Baja,Media,Baja,False
esmeraldas,Esmeraldas,Litoral,2022-05-01,2022-06-01,38.56151229143143,Alta,Media,Media,True
guayaquil,Guayaquil,Litoral,2022-05-01,2022-06-01,39.13085675239563,Alta,Media,Media,True
loja,Loja,Sierra,2022-05-01,2022-06-01,63.49516105651856,Baja,Media,Baja,False
machala,Machala,Litoral,2022-05-01,2022-06-01,29.14315629005432,Baja,Baja,Baja,True
portoviejo,Portoviejo,Litoral,2022-05-01,2022-06-01,11.17606469988823,Baja,Baja,Baja,True
puyo,Puyo,Amazonía,2022-05-01,2022-06-01,60.31284952163696,Alta,Media,Alta,False
quito,Quito,Sierra,2022-05-01,2022-06-01,82.65573501586914,Alta,Alta,Alta,True
riobamba,Riobamba,Sierra,2022-05-01,2022-06-01,46.41358757019043,Media,Media,Media,True
salinas,Salinas,Litoral,2022-05-01,2022-06-01,7.635063886642456,Baja,Baja,Baja,True
tena,Tena,Amazonía,2022-05-01,2022-06-01,102.4853515625,Alta,Alta,Alta,True
babahoyo,Babahoyo,Litoral,2022-06-01,2022-07-01,37.93212580680847,Media,Media,Media,True
cuenca,Cuenca,Sierra,2022-06-01,2022-07-01,54.0484561920166,Media,Media,Baja,False
esmeraldas,Esmeraldas,Litoral,2022-06-01,2022-07-01,15.588232398033142,Media,Baja,Baja,True
guayaquil,Guayaquil,Litoral,2022-06-01,2022-07-01,32.37193536758423,Media,Baja,Baja,True
loja,Loja,Sierra,2022-06-01,2022-07-01,48.77765321731568,Media,Media,Baja,False
machala,Machala,Litoral,2022-06-01,2022-07-01,14.240238010883331,Baja,Baja,Baja,True
portoviejo,Portoviejo,Litoral,2022-06-01,2022-07-01,11.398889899253843,Baja,Baja,Baja,True
puyo,Puyo,Amazonía,2022-06-01,2022-07-01,63.36983776092529,Media,Media,Media,True
quito,Quito,Sierra,2022-06-01,2022-07-01,102.2130641937256,Alta,Alta,Media,False
riobamba,Riobamba,Sierra,2022-06-01,2022-07-01,41.0074782371521,Media,Media,Baja,False
salinas,Salinas,Litoral,2022-06-01,2022-07-01,14.729890048503876,Baja,Baja,Baja,True
tena,Tena,Amazonía,2022-06-01,2022-07-01,105.34178948402403,Alta,Alta,Alta,True
babahoyo,Babahoyo,Litoral,2022-07-01,2022-08-01,20.94646817445755,Media,Baja,Media,False
cuenca,Cuenca,Sierra,2022-07-01,2022-08-01,25.48895436525345,Media,Baja,Baja,True
esmeraldas,Esmeraldas,Litoral,2022-07-01,2022-08-01,13.394142970442772,Baja,Baja,Baja,True
guayaquil,Guayaquil,Litoral,2022-07-01,2022-08-01,19.221903562545776,Baja,Baja,Baja,True
loja,Loja,Sierra,2022-07-01,2022-08-01,30.322698771953583,Media,Baja,Baja,True
machala,Machala,Litoral,2022-07-01,2022-08-01,8.27586168050766,Baja,Baja,Baja,True
portoviejo,Portoviejo,Litoral,2022-07-01,2022-08-01,4.150430731475353,Baja,Baja,Baja,True
puyo,Puyo,Amazonía,2022-07-01,2022-08-01,37.60031032562256,Media,Media,Media,True
quito,Quito,Sierra,2022-07-01,2022-08-01,56.20784306526184,Alta,Media,Media,True
riobamba,Riobamba,Sierra,2022-07-01,2022-08-01,26.998953700065613,Media,Baja,Baja,True
salinas,Salinas,Litoral,2022-07-01,2022-08-01,8.84915405511856,Baja,Baja,Baja,True
tena,Tena,Amazonía,2022-07-01,2022-08-01,56.56540894508362,Alta,Media,Media,True
babahoyo,Babahoyo,Litoral,2022-08-01,2022-09-01,31.00074082612992,Baja,Baja,Media,False
cuenca,Cuenca,Sierra,2022-08-01,2022-09-01,25.551838040351868,Baja,Baja,Baja,True
esmeraldas,Esmeraldas,Litoral,2022-08-01,2022-09-01,8.392906963825226,Baja,Baja,Baja,True
guayaquil,Guayaquil,Litoral,2022-08-01,2022-09-01,31.06225982308388,Baja,Baja,Baja,True
loja,Loja,Sierra,2022-08-01,2022-09-01,21.0454098880291,Baja,Baja,Baja,True
machala,Machala,Litoral,2022-08-01,2022-09-01,6.442358613014221,Baja,Baja,Baja,True
portoviejo,Portoviejo,Litoral,2022-08-01,2022-09-01,8.797388795763254,Baja,Baja,Baja,True
puyo,Puyo,Amazonía,2022-08-01,2022-09-01,46.00057535618544,Media,Media,Media,True
quito,Quito,Sierra,2022-08-01,2022-09-01,79.9265947341919,Media,Alta,Media,False
riobamba,Riobamba,Sierra,2022-08-01,2022-09-01,21.5339429974556,Baja,Baja,Baja,True
salinas,Salinas,Litoral,2022-08-01,2022-09-01,5.687598526477814,Baja,Baja,Baja,True
tena,Tena,Amazonía,2022-08-01,2022-09-01,35.47071649879217,Media,Baja,Media,False
babahoyo,Babahoyo,Litoral,2022-09-01,2022-10-01,35.13405466079712,Baja,Baja,Media,False
cuenca,Cuenca,Sierra,2022-09-01,2022-10-01,60.31145715713501,Baja,Media,Media,True
esmeraldas,Esmeraldas,Litoral,2022-09-01,2022-10-01,5.001170158386231,Baja,Baja,Baja,True
guayaquil,Guayaquil,Litoral,2022-09-01,2022-10-01,24.73150217533112,Baja,Baja,Baja,True
loja,Loja,Sierra,2022-09-01,2022-10-01,46.99850106239319,Baja,Media,Media,True
machala,Machala,Litoral,2022-09-01,2022-10-01,20.979114055633545,Baja,Baja,Baja,True
portoviejo,Portoviejo,Litoral,2022-09-01,2022-10-01,1.067602962255478,Baja,Baja,Baja,True
puyo,Puyo,Amazonía,2022-09-01,2022-10-01,88.24478483200073,Media,Alta,Alta,True
quito,Quito,Sierra,2022-09-01,2022-10-01,80.9993782043457,Alta,Alta,Alta,True
riobamba,Riobamba,Sierra,2022-09-01,2022-10-01,60.782381534576416,Baja,Media,Media,True
salinas,Salinas,Litoral,2022-09-01,2022-10-01,2.617412120103836,Baja,Baja,Baja,True
tena,Tena,Amazonía,2022-09-01,2022-10-01,125.66465950012208,Baja,Alta,Alta,True
babahoyo,Babahoyo,Litoral,2022-10-01,2022-11-01,32.931903302669525,Baja,Baja,Media,False
cuenca,Cuenca,Sierra,2022-10-01,2022-11-01,40.859158515930176,Media,Media,Media,True
esmeraldas,Esmeraldas,Litoral,2022-10-01,2022-11-01,7.105087161064148,Baja,Baja,Baja,True
guayaquil,Guayaquil,Litoral,2022-10-01,2022-11-01,8.294075220823288,Baja,Baja,Baja,True
loja,Loja,Sierra,2022-10-01,2022-11-01,44.06285095214844,Media,Media,Media,True
machala,Machala,Litoral,2022-10-01,2022-11-01,8.4497110247612,Baja,Baja,Baja,True
portoviejo,Portoviejo,Litoral,2022-10-01,2022-11-01,4.459438145160675,Baja,Baja,Baja,True
puyo,Puyo,Amazonía,2022-10-01,2022-11-01,113.02609872817992,Alta,Alta,Alta,True
quito,Quito,Sierra,2022-10-01,2022-11-01,73.84479904174805,Alta,Alta,Alta,True
riobamba,Riobamba,Sierra,2022-10-01,2022-11-01,49.9117603302002,Media,Media,Media,True
salinas,Salinas,Litoral,2022-10-01,2022-11-01,4.160231828689575,Baja,Baja,Baja,True
tena,Tena,Amazonía,2022-10-01,2022-11-01,125.81832122802734,Alta,Alta,Alta,True
babahoyo,Babahoyo,Litoral,2022-11-01,2022-12-01,36.70678377151489,Baja,Baja,Media,False
cuenca,Cuenca,Sierra,2022-11-01,2022-12-01,36.28041437268257,Media,Baja,Media,False
esmeraldas,Esmeraldas,Litoral,2022-11-01,2022-12-01,57.9720025062561,Baja,Media,Baja,False
guayaquil,Guayaquil,Litoral,2022-11-01,2022-12-01,15.246499061584473,Baja,Baja,Baja,True
loja,Loja,Sierra,2022-11-01,2022-12-01,76.24183785915375,Media,Alta,Media,False
machala,Machala,Litoral,2022-11-01,2022-12-01,24.2904634475708,Baja,Baja,Baja,True
portoviejo,Portoviejo,Litoral,2022-11-01,2022-12-01,4.747986063361168,Baja,Baja,Baja,True
puyo,Puyo,Amazonía,2022-11-01,2022-12-01,51.74693012237549,Alta,Media,Alta,False
quito,Quito,Sierra,2022-11-01,2022-12-01,89.76710891723633,Alta,Alta,Alta,True
riobamba,Riobamba,Sierra,2022-11-01,2022-12-01,31.836535930633545,Media,Baja,Media,False
salinas,Salinas,Litoral,2022-11-01,2022-12-01,4.163226585835218,Baja,Baja,Baja,True
tena,Tena,Amazonía,2022-11-01,2022-12-01,84.11759757995605,Alta,Alta,Alta,True
babahoyo,Babahoyo,Litoral,2022-12-01,2023-01-01,137.54846286773682,Baja,Alta,Alta,True
cuenca,Cuenca,Sierra,2022-12-01,2023-01-01,69.35842704772949,Baja,Media,Media,True
esmeraldas,Esmeraldas,Litoral,2022-12-01,2023-01-01,114.73250961303712,Media,Alta,Alta,True
guayaquil,Guayaquil,Litoral,2022-12-01,2023-01-01,47.90210449695587,Baja,Media,Alta,False
loja,Loja,Sierra,2022-12-01,2023-01-01,81.40953075885773,Alta,Alta,Media,False
machala,Machala,Litoral,2022-12-01,2023-01-01,30.41314172744751,Baja,Baja,Media,False
portoviejo,Portoviejo,Litoral,2022-12-01,2023-01-01,37.36855983734131,Baja,Media,Baja,False
puyo,Puyo,Amazonía,2022-12-01,2023-01-01,72.31519269943237,Media,Alta,Alta,True
quito,Quito,Sierra,2022-12-01,2023-01-01,117.7842845916748,Alta,Alta,Alta,True
riobamba,Riobamba,Sierra,2022-12-01,2023-01-01,65.40362548828125,Baja,Media,Media,True
salinas,Salinas,Litoral,2022-12-01,2023-01-01,8.890790492296219,Baja,Baja,Baja,True
tena,Tena,Amazonía,2022-12-01,2023-01-01,86.84929656982422,Alta,Alta,Alta,True
babahoyo,Babahoyo,Litoral,2023-01-01,2023-02-01,146.3260898590088,Alta,Alta,Alta,True
cuenca,Cuenca,Sierra,2023-01-01,2023-02-01,82.07776641845703,Media,Alta,Media,False
esmeraldas,Esmeraldas,Litoral,2023-01-01,2023-02-01,135.9320831298828,Alta,Alta,Alta,True
guayaquil,Guayaquil,Litoral,2023-01-01,2023-02-01,158.0771107673645,Media,Alta,Alta,True
loja,Loja,Sierra,2023-01-01,2023-02-01,61.12754917144776,Alta,Media,Media,True
machala,Machala,Litoral,2023-01-01,2023-02-01,69.87889623641968,Baja,Media,Media,True
portoviejo,Portoviejo,Litoral,2023-01-01,2023-02-01,91.134614944458,Media,Alta,Alta,True
puyo,Puyo,Amazonía,2023-01-01,2023-02-01,52.06860017776489,Alta,Media,Alta,False
quito,Quito,Sierra,2023-01-01,2023-02-01,79.04036235809326,Alta,Alta,Alta,True
riobamba,Riobamba,Sierra,2023-01-01,2023-02-01,86.08881664276123,Media,Alta,Media,False
salinas,Salinas,Litoral,2023-01-01,2023-02-01,66.50336122512817,Baja,Media,Baja,False
tena,Tena,Amazonía,2023-01-01,2023-02-01,72.65472507476807,Alta,Alta,Alta,True
babahoyo,Babahoyo,Litoral,2023-02-01,2023-03-01,338.2202081680298,Alta,Alta,Alta,True
cuenca,Cuenca,Sierra,2023-02-01,2023-03-01,74.19907855987549,Alta,Alta,Media,False
esmeraldas,Esmeraldas,Litoral,2023-02-01,2023-03-01,134.2822545170784,Alta,Alta,Alta,True
guayaquil,Guayaquil,Litoral,2023-02-01,2023-03-01,161.23815631866455,Alta,Alta,Alta,True
loja,Loja,Sierra,2023-02-01,2023-03-01,86.07197570800781,Media,Alta,Media,False
machala,Machala,Litoral,2023-02-01,2023-03-01,175.43489265441897,Media,Alta,Alta,True
portoviejo,Portoviejo,Litoral,2023-02-01,2023-03-01,133.96011543273926,Alta,Alta,Alta,True
puyo,Puyo,Amazonía,2023-02-01,2023-03-01,108.07246971130373,Media,Alta,Alta,True
quito,Quito,Sierra,2023-02-01,2023-03-01,124.92612838745116,Alta,Alta,Alta,True
riobamba,Riobamba,Sierra,2023-02-01,2023-03-01,86.12700843811035,Alta,Alta,Media,False
salinas,Salinas,Litoral,2023-02-01,2023-03-01,86.24308013916016,Media,Alta,Media,False
tena,Tena,Amazonía,2023-02-01,2023-03-01,125.01730251312256,Alta,Alta,Alta,True
babahoyo,Babahoyo,Litoral,2023-03-01,2023-04-01,174.83120918273926,Alta,Alta,Alta,True
cuenca,Cuenca,Sierra,2023-03-01,2023-04-01,63.44699144363403,Alta,Media,Media,True
esmeraldas,Esmeraldas,Litoral,2023-03-01,2023-04-01,155.39792680740356,Alta,Alta,Alta,True
guayaquil,Guayaquil,Litoral,2023-03-01,2023-04-01,189.77240693569183,Alta,Alta,Alta,True
loja,Loja,Sierra,2023-03-01,2023-04-01,70.94141340255737,Alta,Media,Media,True
machala,Machala,Litoral,2023-03-01,2023-04-01,248.66958236694336,Alta,Alta,Alta,True
portoviejo,Portoviejo,Litoral,2023-03-01,2023-04-01,148.29376935958862,Alta,Alta,Alta,True
puyo,Puyo,Amazonía,2023-03-01,2023-04-01,128.72463703155518,Alta,Alta,Alta,True
quito,Quito,Sierra,2023-03-01,2023-04-01,72.3474292755127,Alta,Alta,Alta,True
riobamba,Riobamba,Sierra,2023-03-01,2023-04-01,94.33435153961182,Alta,Alta,Media,False
salinas,Salinas,Litoral,2023-03-01,2023-04-01,115.90405464172365,Alta,Alta,Baja,False
tena,Tena,Amazonía,2023-03-01,2023-04-01,150.2138214111328,Alta,Alta,Alta,True
babahoyo,Babahoyo,Litoral,2023-04-01,2023-05-01,204.8793354034424,Alta,Alta,Alta,True
cuenca,Cuenca,Sierra,2023-04-01,2023-05-01,42.95987939834595,Media,Media,Media,True
esmeraldas,Esmeraldas,Litoral,2023-04-01,2023-05-01,118.83514976501463,Alta,Alta,Alta,True
guayaquil,Guayaquil,Litoral,2023-04-01,2023-05-01,120.82994556427002,Alta,Alta,Alta,True
loja,Loja,Sierra,2023-04-01,2023-05-01,35.76990556716919,Media,Baja,Media,False
machala,Machala,Litoral,2023-04-01,2023-05-01,81.99965798854828,Alta,Alta,Alta,True
portoviejo,Portoviejo,Litoral,2023-04-01,2023-05-01,44.470802545547485,Alta,Media,Alta,False
puyo,Puyo,Amazonía,2023-04-01,2023-05-01,71.68606901168823,Alta,Alta,Alta,True
quito,Quito,Sierra,2023-04-01,2023-05-01,66.79732131958008,Alta,Media,Alta,False
riobamba,Riobamba,Sierra,2023-04-01,2023-05-01,47.018635749816895,Alta,Media,Media,True
salinas,Salinas,Litoral,2023-04-01,2023-05-01,19.58955478668213,Alta,Baja,Media,False
tena,Tena,Amazonía,2023-04-01,2023-05-01,129.23756909370422,Alta,Alta,Alta,True
babahoyo,Babahoyo,Litoral,2023-05-01,2023-06-01,122.87441730499268,Alta,Alta,Alta,True
cuenca,Cuenca,Sierra,2023-05-01,2023-06-01,40.52319622039795,Media,Media,Baja,False
esmeraldas,Esmeraldas,Litoral,2023-05-01,2023-06-01,155.37365344166756,Alta,Alta,Alta,True
guayaquil,Guayaquil,Litoral,2023-05-01,2023-06-01,79.98777866363525,Alta,Alta,Alta,True
loja,Loja,Sierra,2023-05-01,2023-06-01,26.289823174476624,Baja,Baja,Baja,True
machala,Machala,Litoral,2023-05-01,2023-06-01,77.35514807701111,Alta,Alta,Alta,True
portoviejo,Portoviejo,Litoral,2023-05-01,2023-06-01,43.50730240345001,Media,Media,Baja,False
puyo,Puyo,Amazonía,2023-05-01,2023-06-01,109.30464482307434,Alta,Alta,Alta,True
quito,Quito,Sierra,2023-05-01,2023-06-01,48.63065719604492,Media,Media,Alta,False
riobamba,Riobamba,Sierra,2023-05-01,2023-06-01,48.91453647613525,Media,Media,Baja,False
salinas,Salinas,Litoral,2023-05-01,2023-06-01,17.314209938049316,Baja,Baja,Baja,True
tena,Tena,Amazonía,2023-05-01,2023-06-01,148.69051849842072,Alta,Alta,Alta,True
babahoyo,Babahoyo,Litoral,2023-06-01,2023-07-01,118.84811449050903,Alta,Alta,Alta,True
cuenca,Cuenca,Sierra,2023-06-01,2023-07-01,26.326078295707703,Media,Baja,Baja,True
esmeraldas,Esmeraldas,Litoral,2023-06-01,2023-07-01,102.92520356178284,Alta,Alta,Alta,True
guayaquil,Guayaquil,Litoral,2023-06-01,2023-07-01,80.22321939468384,Alta,Alta,Media,False
loja,Loja,Sierra,2023-06-01,2023-07-01,18.3566255569458,Baja,Baja,Baja,True
machala,Machala,Litoral,2023-06-01,2023-07-01,19.178878486156464,Alta,Baja,Baja,True
portoviejo,Portoviejo,Litoral,2023-06-01,2023-07-01,26.25758957862854,Media,Baja,Baja,True
puyo,Puyo,Amazonía,2023-06-01,2023-07-01,56.011475801467896,Alta,Media,Media,True
quito,Quito,Sierra,2023-06-01,2023-07-01,73.04836177825928,Media,Alta,Media,False
riobamba,Riobamba,Sierra,2023-06-01,2023-07-01,21.646400928497314,Media,Baja,Baja,True
salinas,Salinas,Litoral,2023-06-01,2023-07-01,15.086447596549988,Baja,Baja,Baja,True
tena,Tena,Amazonía,2023-06-01,2023-07-01,98.76334524154665,Alta,Alta,Alta,True
babahoyo,Babahoyo,Litoral,2023-07-01,2023-08-01,50.1474838256836,Alta,Media,Media,True
cuenca,Cuenca,Sierra,2023-07-01,2023-08-01,21.648255467414856,Baja,Baja,Baja,True
esmeraldas,Esmeraldas,Litoral,2023-07-01,2023-08-01,57.389812707901,Alta,Media,Media,True
guayaquil,Guayaquil,Litoral,2023-07-01,2023-08-01,36.47550535202026,Alta,Baja,Media,False
loja,Loja,Sierra,2023-07-01,2023-08-01,12.628355860710144,Baja,Baja,Baja,True
machala,Machala,Litoral,2023-07-01,2023-08-01,16.92544424533844,Baja,Baja,Baja,True
portoviejo,Portoviejo,Litoral,2023-07-01,2023-08-01,6.258743815124035,Baja,Baja,Baja,True
puyo,Puyo,Amazonía,2023-07-01,2023-08-01,31.215797066688538,Media,Baja,Media,False
quito,Quito,Sierra,2023-07-01,2023-08-01,92.12652349472046,Alta,Alta,Media,False
riobamba,Riobamba,Sierra,2023-07-01,2023-08-01,22.297380089759827,Baja,Baja,Baja,True
salinas,Salinas,Litoral,2023-07-01,2023-08-01,7.120525628328323,Baja,Baja,Baja,True
tena,Tena,Amazonía,2023-07-01,2023-08-01,53.60544949769974,Alta,Media,Media,True
babahoyo,Babahoyo,Litoral,2023-08-01,2023-09-01,39.31019872426987,Media,Media,Media,True
cuenca,Cuenca,Sierra,2023-08-01,2023-09-01,11.663751482963562,Baja,Baja,Baja,True
esmeraldas,Esmeraldas,Litoral,2023-08-01,2023-09-01,21.690236628055573,Media,Baja,Baja,True
guayaquil,Guayaquil,Litoral,2023-08-01,2023-09-01,41.1443532705307,Baja,Media,Media,True
loja,Loja,Sierra,2023-08-01,2023-09-01,13.182932138442991,Baja,Baja,Baja,True
machala,Machala,Litoral,2023-08-01,2023-09-01,11.44391268491745,Baja,Baja,Baja,True
portoviejo,Portoviejo,Litoral,2023-08-01,2023-09-01,5.0202314257621765,Baja,Baja,Baja,True
puyo,Puyo,Amazonía,2023-08-01,2023-09-01,34.44718861579895,Baja,Baja,Media,False
quito,Quito,Sierra,2023-08-01,2023-09-01,66.8501615524292,Alta,Media,Media,True
riobamba,Riobamba,Sierra,2023-08-01,2023-09-01,17.92723822593689,Baja,Baja,Baja,True
salinas,Salinas,Litoral,2023-08-01,2023-09-01,2.777470648288727,Baja,Baja,Baja,True
tena,Tena,Amazonía,2023-08-01,2023-09-01,76.70322942733765,Media,Alta,Media,False
babahoyo,Babahoyo,Litoral,2023-09-01,2023-10-01,76.2786808013916,Media,Alta,Media,False
cuenca,Cuenca,Sierra,2023-09-01,2023-10-01,34.67200756072998,Baja,Baja,Media,False
esmeraldas,Esmeraldas,Litoral,2023-09-01,2023-10-01,51.553616881370544,Baja,Media,Baja,False
guayaquil,Guayaquil,Litoral,2023-09-01,2023-10-01,42.91086983680725,Media,Media,Baja,False
loja,Loja,Sierra,2023-09-01,2023-10-01,39.27848196029663,Baja,Media,Baja,False
machala,Machala,Litoral,2023-09-01,2023-10-01,16.367490351200104,Baja,Baja,Baja,True
portoviejo,Portoviejo,Litoral,2023-09-01,2023-10-01,8.029143214225769,Baja,Baja,Baja,True
puyo,Puyo,Amazonía,2023-09-01,2023-10-01,101.2829933166504,Baja,Alta,Alta,True
quito,Quito,Sierra,2023-09-01,2023-10-01,93.43338871002196,Media,Alta,Alta,True
riobamba,Riobamba,Sierra,2023-09-01,2023-10-01,61.88632392883301,Baja,Media,Media,True
salinas,Salinas,Litoral,2023-09-01,2023-10-01,6.230106959119439,Baja,Baja,Baja,True
tena,Tena,Amazonía,2023-09-01,2023-10-01,169.37841892242432,Alta,Alta,Alta,True
babahoyo,Babahoyo,Litoral,2023-10-01,2023-11-01,67.34628105163574,Alta,Media,Alta,False
cuenca,Cuenca,Sierra,2023-10-01,2023-11-01,36.17720818519592,Baja,Baja,Media,False
esmeraldas,Esmeraldas,Litoral,2023-10-01,2023-11-01,43.05510550737381,Media,Media,Baja,False
guayaquil,Guayaquil,Litoral,2023-10-01,2023-11-01,26.786890029907227,Media,Baja,Baja,True
loja,Loja,Sierra,2023-10-01,2023-11-01,39.14274549484253,Media,Media,Media,True
machala,Machala,Litoral,2023-10-01,2023-11-01,33.31806719303131,Baja,Baja,Baja,True
portoviejo,Portoviejo,Litoral,2023-10-01,2023-11-01,6.091563582420349,Baja,Baja,Baja,True
puyo,Puyo,Amazonía,2023-10-01,2023-11-01,98.96137046813963,Alta,Alta,Alta,True
quito,Quito,Sierra,2023-10-01,2023-11-01,93.71356773376463,Alta,Alta,Alta,True
riobamba,Riobamba,Sierra,2023-10-01,2023-11-01,63.33090782165527,Media,Media,Media,True
salinas,Salinas,Litoral,2023-10-01,2023-11-01,7.509324982762337,Baja,Baja,Baja,True
tena,Tena,Amazonía,2023-10-01,2023-11-01,161.1767749786377,Alta,Alta,Alta,True
babahoyo,Babahoyo,Litoral,2023-11-01,2023-12-01,84.87572574615479,Media,Alta,Alta,True
cuenca,Cuenca,Sierra,2023-11-01,2023-12-01,99.08702087402344,Baja,Alta,Media,False
esmeraldas,Esmeraldas,Litoral,2023-11-01,2023-12-01,90.14935874938963,Media,Alta,Alta,True
guayaquil,Guayaquil,Litoral,2023-11-01,2023-12-01,57.90643167495728,Baja,Media,Baja,False
loja,Loja,Sierra,2023-11-01,2023-12-01,97.51053428649902,Media,Alta,Media,False
machala,Machala,Litoral,2023-11-01,2023-12-01,47.70993375778198,Baja,Media,Baja,False
portoviejo,Portoviejo,Litoral,2023-11-01,2023-12-01,68.6471745967865,Baja,Media,Baja,False
puyo,Puyo,Amazonía,2023-11-01,2023-12-01,62.48002338409424,Alta,Media,Alta,False
quito,Quito,Sierra,2023-11-01,2023-12-01,166.25004768371582,Alta,Alta,Alta,True
riobamba,Riobamba,Sierra,2023-11-01,2023-12-01,60.649949073791504,Media,Media,Media,True
salinas,Salinas,Litoral,2023-11-01,2023-12-01,21.757690608501434,Baja,Baja,Baja,True
tena,Tena,Amazonía,2023-11-01,2023-12-01,73.29423522949219,Alta,Alta,Alta,True
babahoyo,Babahoyo,Litoral,2023-12-01,2024-01-01,144.69142246246338,Alta,Alta,Alta,True
cuenca,Cuenca,Sierra,2023-12-01,2024-01-01,75.95547676086426,Alta,Alta,Media,False
esmeraldas,Esmeraldas,Litoral,2023-12-01,2024-01-01,103.94861221313477,Alta,Alta,Alta,True
guayaquil,Guayaquil,Litoral,2023-12-01,2024-01-01,78.25873327255249,Media,Alta,Alta,True
loja,Loja,Sierra,2023-12-01,2024-01-01,81.79341316223145,Alta,Alta,Media,False
machala,Machala,Litoral,2023-12-01,2024-01-01,49.23762059211731,Media,Media,Media,True
portoviejo,Portoviejo,Litoral,2023-12-01,2024-01-01,37.329264521598816,Media,Baja,Media,False
puyo,Puyo,Amazonía,2023-12-01,2024-01-01,48.90715551376343,Media,Media,Alta,False
quito,Quito,Sierra,2023-12-01,2024-01-01,104.9658660888672,Alta,Alta,Alta,True
riobamba,Riobamba,Sierra,2023-12-01,2024-01-01,40.17870235443115,Media,Media,Media,True
salinas,Salinas,Litoral,2023-12-01,2024-01-01,13.67501014471054,Baja,Baja,Baja,True
tena,Tena,Amazonía,2023-12-01,2024-01-01,46.96107912063599,Alta,Media,Alta,False
babahoyo,Babahoyo,Litoral,2024-01-01,2024-02-01,272.3537654876709,Alta,Alta,Alta,True
cuenca,Cuenca,Sierra,2024-01-01,2024-02-01,51.4603796005249,Alta,Media,Media,True
esmeraldas,Esmeraldas,Litoral,2024-01-01,2024-02-01,282.84553718566895,Alta,Alta,Alta,True
guayaquil,Guayaquil,Litoral,2024-01-01,2024-02-01,209.42063236236567,Alta,Alta,Alta,True
loja,Loja,Sierra,2024-01-01,2024-02-01,61.161468744277954,Alta,Media,Media,True
machala,Machala,Litoral,2024-01-01,2024-02-01,219.83063888549805,Media,Alta,Alta,True
portoviejo,Portoviejo,Litoral,2024-01-01,2024-02-01,163.15505075454712,Baja,Alta,Alta,True
puyo,Puyo,Amazonía,2024-01-01,2024-02-01,79.835702419281,Media,Alta,Media,False
quito,Quito,Sierra,2024-01-01,2024-02-01,108.9626989364624,Alta,Alta,Alta,True
riobamba,Riobamba,Sierra,2024-01-01,2024-02-01,61.040493965148926,Media,Media,Media,True
salinas,Salinas,Litoral,2024-01-01,2024-02-01,66.6076147556305,Baja,Media,Baja,False
tena,Tena,Amazonía,2024-01-01,2024-02-01,171.41191482543945,Media,Alta,Alta,True
babahoyo,Babahoyo,Litoral,2024-02-01,2024-03-01,121.27355241775513,Alta,Alta,Alta,True
cuenca,Cuenca,Sierra,2024-02-01,2024-03-01,62.68455457687378,Media,Media,Media,True
esmeraldas,Esmeraldas,Litoral,2024-02-01,2024-03-01,64.48071467876434,Alta,Media,Alta,False
guayaquil,Guayaquil,Litoral,2024-02-01,2024-03-01,88.42067337036133,Alta,Alta,Alta,True
loja,Loja,Sierra,2024-02-01,2024-03-01,65.49266386032104,Media,Media,Media,True
machala,Machala,Litoral,2024-02-01,2024-03-01,69.94292497634888,Alta,Media,Alta,False
portoviejo,Portoviejo,Litoral,2024-02-01,2024-03-01,79.958176612854,Alta,Alta,Alta,True
puyo,Puyo,Amazonía,2024-02-01,2024-03-01,71.96546840667725,Alta,Alta,Alta,True
quito,Quito,Sierra,2024-02-01,2024-03-01,94.84635543823242,Alta,Alta,Alta,True
riobamba,Riobamba,Sierra,2024-02-01,2024-03-01,67.23283624649048,Media,Media,Media,True
salinas,Salinas,Litoral,2024-02-01,2024-03-01,11.1931734085083,Media,Baja,Media,False
tena,Tena,Amazonía,2024-02-01,2024-03-01,96.64448189735413,Alta,Alta,Alta,True
babahoyo,Babahoyo,Litoral,2024-03-01,2024-04-01,147.74090766906738,Alta,Alta,Alta,True
cuenca,Cuenca,Sierra,2024-03-01,2024-04-01,75.84558868408203,Media,Alta,Media,False
esmeraldas,Esmeraldas,Litoral,2024-03-01,2024-04-01,130.3061022758484,Media,Alta,Alta,True
guayaquil,Guayaquil,Litoral,2024-03-01,2024-04-01,54.44917440414429,Alta,Media,Alta,False
loja,Loja,Sierra,2024-03-01,2024-04-01,54.53353786468506,Media,Media,Media,True
machala,Machala,Litoral,2024-03-01,2024-04-01,54.053471326828,Media,Media,Alta,False
portoviejo,Portoviejo,Litoral,2024-03-01,2024-04-01,49.07165098190308,Alta,Media,Alta,False
puyo,Puyo,Amazonía,2024-03-01,2024-04-01,83.66137719154358,Alta,Alta,Alta,True
quito,Quito,Sierra,2024-03-01,2024-04-01,102.80724048614502,Alta,Alta,Alta,True
riobamba,Riobamba,Sierra,2024-03-01,2024-04-01,60.6231746673584,Media,Media,Media,True
salinas,Salinas,Litoral,2024-03-01,2024-04-01,7.00252902507782,Baja,Baja,Baja,True
tena,Tena,Amazonía,2024-03-01,2024-04-01,58.60261940956116,Alta,Media,Alta,False
babahoyo,Babahoyo,Litoral,2024-04-01,2024-05-01,67.33145117759705,Alta,Media,Alta,False
cuenca,Cuenca,Sierra,2024-04-01,2024-05-01,29.336655378341675,Alta,Baja,Baja,True
esmeraldas,Esmeraldas,Litoral,2024-04-01,2024-05-01,71.95745205879211,Alta,Alta,Alta,True
guayaquil,Guayaquil,Litoral,2024-04-01,2024-05-01,53.36241316795349,Media,Media,Media,True
loja,Loja,Sierra,2024-04-01,2024-05-01,48.83468580245972,Media,Media,Baja,False
machala,Machala,Litoral,2024-04-01,2024-05-01,45.62074136734009,Media,Media,Media,True
portoviejo,Portoviejo,Litoral,2024-04-01,2024-05-01,19.989709496498108,Media,Baja,Media,False
puyo,Puyo,Amazonía,2024-04-01,2024-05-01,135.49418354034424,Alta,Alta,Media,False
quito,Quito,Sierra,2024-04-01,2024-05-01,82.18874454498291,Alta,Alta,Alta,True
riobamba,Riobamba,Sierra,2024-04-01,2024-05-01,53.44035840034485,Media,Media,Media,True
salinas,Salinas,Litoral,2024-04-01,2024-05-01,11.00907015800476,Baja,Baja,Baja,True
tena,Tena,Amazonía,2024-04-01,2024-05-01,193.76844024658203,Media,Alta,Alta,True
babahoyo,Babahoyo,Litoral,2024-05-01,2024-06-01,45.317343950271606,Media,Media,Media,True
cuenca,Cuenca,Sierra,2024-05-01,2024-06-01,22.573724046349525,Baja,Baja,Baja,True
esmeraldas,Esmeraldas,Litoral,2024-05-01,2024-06-01,30.739434599876404,Alta,Baja,Alta,False
guayaquil,Guayaquil,Litoral,2024-05-01,2024-06-01,30.44856357574463,Media,Baja,Media,False
loja,Loja,Sierra,2024-05-01,2024-06-01,18.01332175731659,Media,Baja,Baja,True
machala,Machala,Litoral,2024-05-01,2024-06-01,18.17745739221573,Media,Baja,Baja,True
portoviejo,Portoviejo,Litoral,2024-05-01,2024-06-01,5.355287671089172,Baja,Baja,Baja,True
puyo,Puyo,Amazonía,2024-05-01,2024-06-01,106.56552505493164,Alta,Alta,Alta,True
quito,Quito,Sierra,2024-05-01,2024-06-01,83.05291652679443,Alta,Alta,Media,False
riobamba,Riobamba,Sierra,2024-05-01,2024-06-01,29.1941397190094,Media,Baja,Baja,True
salinas,Salinas,Litoral,2024-05-01,2024-06-01,5.352843552827835,Baja,Baja,Baja,True
tena,Tena,Amazonía,2024-05-01,2024-06-01,140.46443033218384,Alta,Alta,Alta,True
babahoyo,Babahoyo,Litoral,2024-06-01,2024-07-01,30.28632616996765,Media,Baja,Media,False
cuenca,Cuenca,Sierra,2024-06-01,2024-07-01,18.945290327072144,Baja,Baja,Baja,True
esmeraldas,Esmeraldas,Litoral,2024-06-01,2024-07-01,18.34191316366196,Baja,Baja,Baja,True
guayaquil,Guayaquil,Litoral,2024-06-01,2024-07-01,32.00984305143356,Baja,Baja,Media,False
loja,Loja,Sierra,2024-06-01,2024-07-01,24.78237330913544,Baja,Baja,Baja,True
machala,Machala,Litoral,2024-06-01,2024-07-01,12.903855562210085,Baja,Baja,Baja,True
portoviejo,Portoviejo,Litoral,2024-06-01,2024-07-01,1.9573409109725617,Baja,Baja,Baja,True
puyo,Puyo,Amazonía,2024-06-01,2024-07-01,86.97422385215759,Alta,Alta,Media,False
quito,Quito,Sierra,2024-06-01,2024-07-01,58.31186985969544,Alta,Media,Media,True
riobamba,Riobamba,Sierra,2024-06-01,2024-07-01,26.90787374973297,Baja,Baja,Baja,True
salinas,Salinas,Litoral,2024-06-01,2024-07-01,5.246418684720993,Baja,Baja,Baja,True
tena,Tena,Amazonía,2024-06-01,2024-07-01,67.35550355911255,Alta,Media,Alta,False
babahoyo,Babahoyo,Litoral,2024-07-01,2024-08-01,20.861003160476685,Baja,Baja,Media,False
cuenca,Cuenca,Sierra,2024-07-01,2024-08-01,19.041600823402405,Baja,Baja,Baja,True
esmeraldas,Esmeraldas,Litoral,2024-07-01,2024-08-01,7.567041993141174,Baja,Baja,Baja,True
guayaquil,Guayaquil,Litoral,2024-07-01,2024-08-01,20.837631225585938,Baja,Baja,Baja,True
loja,Loja,Sierra,2024-07-01,2024-08-01,10.257209837436676,Baja,Baja,Baja,True
machala,Machala,Litoral,2024-07-01,2024-08-01,9.8722026348114,Baja,Baja,Baja,True
portoviejo,Portoviejo,Litoral,2024-07-01,2024-08-01,0.6850824058055878,Baja,Baja,Baja,True
puyo,Puyo,Amazonía,2024-07-01,2024-08-01,25.471079111099243,Alta,Baja,Media,False
quito,Quito,Sierra,2024-07-01,2024-08-01,39.29797554016113,Media,Media,Media,True
riobamba,Riobamba,Sierra,2024-07-01,2024-08-01,14.399980753660202,Baja,Baja,Baja,True
salinas,Salinas,Litoral,2024-07-01,2024-08-01,3.470584750175476,Baja,Baja,Baja,True
tena,Tena,Amazonía,2024-07-01,2024-08-01,68.72026443481445,Media,Media,Media,True
babahoyo,Babahoyo,Litoral,2024-08-01,2024-09-01,15.1391242146492,Baja,Baja,Media,False
cuenca,Cuenca,Sierra,2024-08-01,2024-09-01,29.531462490558624,Baja,Baja,Baja,True
esmeraldas,Esmeraldas,Litoral,2024-08-01,2024-09-01,6.817876577377319,Baja,Baja,Baja,True
guayaquil,Guayaquil,Litoral,2024-08-01,2024-09-01,9.46440496854484,Baja,Baja,Baja,True
loja,Loja,Sierra,2024-08-01,2024-09-01,27.337193369865417,Baja,Baja,Baja,True
machala,Machala,Litoral,2024-08-01,2024-09-01,12.358329355716704,Baja,Baja,Baja,True
portoviejo,Portoviejo,Litoral,2024-08-01,2024-09-01,0.7585515063256025,Baja,Baja,Baja,True
puyo,Puyo,Amazonía,2024-08-01,2024-09-01,16.35055911540985,Baja,Baja,Media,False
quito,Quito,Sierra,2024-08-01,2024-09-01,31.957265615463257,Media,Baja,Media,False
riobamba,Riobamba,Sierra,2024-08-01,2024-09-01,25.241687178611755,Baja,Baja,Baja,True
salinas,Salinas,Litoral,2024-08-01,2024-09-01,1.2523192502558231,Baja,Baja,Baja,True
tena,Tena,Amazonía,2024-08-01,2024-09-01,42.67326676845551,Media,Media,Media,True
babahoyo,Babahoyo,Litoral,2024-09-01,2024-10-01,50.72003364562988,Baja,Media,Baja,False
cuenca,Cuenca,Sierra,2024-09-01,2024-10-01,45.39856767654419,Baja,Media,Media,True
esmeraldas,Esmeraldas,Litoral,2024-09-01,2024-10-01,11.84524691104889,Baja,Baja,Baja,True
guayaquil,Guayaquil,Litoral,2024-09-01,2024-10-01,28.797554314136505,Baja,Baja,Baja,True
loja,Loja,Sierra,2024-09-01,2024-10-01,63.06042420864105,Baja,Media,Baja,False
machala,Machala,Litoral,2024-09-01,2024-10-01,20.013278007507324,Baja,Baja,Baja,True
portoviejo,Portoviejo,Litoral,2024-09-01,2024-10-01,6.663812100887299,Baja,Baja,Baja,True
puyo,Puyo,Amazonía,2024-09-01,2024-10-01,92.9732916355133,Baja,Alta,Baja,False
quito,Quito,Sierra,2024-09-01,2024-10-01,81.6806583404541,Baja,Alta,Alta,True
riobamba,Riobamba,Sierra,2024-09-01,2024-10-01,38.45539474487305,Baja,Media,Media,True
salinas,Salinas,Litoral,2024-09-01,2024-10-01,6.555350422859192,Baja,Baja,Baja,True
tena,Tena,Amazonía,2024-09-01,2024-10-01,131.21577644348145,Media,Alta,Alta,True
babahoyo,Babahoyo,Litoral,2024-10-01,2024-11-01,38.20707929134369,Media,Media,Alta,False
cuenca,Cuenca,Sierra,2024-10-01,2024-11-01,45.56924486160278,Media,Media,Media,True
esmeraldas,Esmeraldas,Litoral,2024-10-01,2024-11-01,3.427799075841904,Baja,Baja,Baja,True
guayaquil,Guayaquil,Litoral,2024-10-01,2024-11-01,13.023156076669691,Baja,Baja,Baja,True
loja,Loja,Sierra,2024-10-01,2024-11-01,31.337241172790527,Media,Baja,Media,False
machala,Machala,Litoral,2024-10-01,2024-11-01,14.73606503009796,Baja,Baja,Baja,True
portoviejo,Portoviejo,Litoral,2024-10-01,2024-11-01,2.419333218596876,Baja,Baja,Baja,True
puyo,Puyo,Amazonía,2024-10-01,2024-11-01,52.10240650177002,Alta,Media,Alta,False
quito,Quito,Sierra,2024-10-01,2024-11-01,49.87174582481384,Alta,Media,Alta,False
riobamba,Riobamba,Sierra,2024-10-01,2024-11-01,42.75457191467285,Media,Media,Media,True
salinas,Salinas,Litoral,2024-10-01,2024-11-01,2.550046682357788,Baja,Baja,Baja,True
tena,Tena,Amazonía,2024-10-01,2024-11-01,75.94995820522308,Alta,Alta,Alta,True
babahoyo,Babahoyo,Litoral,2024-11-01,2024-12-01,115.05556964874268,Media,Alta,Alta,True
cuenca,Cuenca,Sierra,2024-11-01,2024-12-01,76.02407836914062,Media,Alta,Media,False
esmeraldas,Esmeraldas,Litoral,2024-11-01,2024-12-01,37.15856647491455,Baja,Baja,Alta,False
guayaquil,Guayaquil,Litoral,2024-11-01,2024-12-01,37.48815083503723,Baja,Media,Baja,False
loja,Loja,Sierra,2024-11-01,2024-12-01,80.95779705047607,Baja,Alta,Media,False
machala,Machala,Litoral,2024-11-01,2024-12-01,44.489203453063965,Baja,Media,Baja,False
portoviejo,Portoviejo,Litoral,2024-11-01,2024-12-01,17.261013984680176,Baja,Baja,Baja,True
puyo,Puyo,Amazonía,2024-11-01,2024-12-01,101.4284782409668,Media,Alta,Alta,True
quito,Quito,Sierra,2024-11-01,2024-12-01,139.69670486450195,Media,Alta,Alta,True
riobamba,Riobamba,Sierra,2024-11-01,2024-12-01,52.99474954605103,Media,Media,Media,True
salinas,Salinas,Litoral,2024-11-01,2024-12-01,13.026546001434326,Baja,Baja,Baja,True
tena,Tena,Amazonía,2024-11-01,2024-12-01,119.94172978401184,Alta,Alta,Alta,True
babahoyo,Babahoyo,Litoral,2024-12-01,2025-01-01,116.7599093914032,Alta,Alta,Alta,True
cuenca,Cuenca,Sierra,2024-12-01,2025-01-01,85.36409568786621,Alta,Alta,Media,False
esmeraldas,Esmeraldas,Litoral,2024-12-01,2025-01-01,63.47352838516235,Baja,Media,Alta,False
guayaquil,Guayaquil,Litoral,2024-12-01,2025-01-01,58.42826223373413,Media,Media,Alta,False
loja,Loja,Sierra,2024-12-01,2025-01-01,64.11868381500244,Alta,Media,Media,True
machala,Machala,Litoral,2024-12-01,2025-01-01,52.70806884765625,Media,Media,Media,True
portoviejo,Portoviejo,Litoral,2024-12-01,2025-01-01,66.19815111160278,Baja,Media,Alta,False
puyo,Puyo,Amazonía,2024-12-01,2025-01-01,64.86962246894836,Alta,Media,Alta,False
quito,Quito,Sierra,2024-12-01,2025-01-01,108.20088291168211,Alta,Alta,Alta,True
riobamba,Riobamba,Sierra,2024-12-01,2025-01-01,68.58276557922363,Media,Media,Media,True
salinas,Salinas,Litoral,2024-12-01,2025-01-01,11.852822341024876,Baja,Baja,Baja,True
tena,Tena,Amazonía,2024-12-01,2025-01-01,101.4176014661789,Alta,Alta,Alta,True
babahoyo,Babahoyo,Litoral,2025-01-01,2025-02-01,125.53161811828612,Alta,Alta,Alta,True
cuenca,Cuenca,Sierra,2025-01-01,2025-02-01,92.23337841033936,Alta,Alta,Media,False
esmeraldas,Esmeraldas,Litoral,2025-01-01,2025-02-01,150.10495471954346,Media,Alta,Alta,True
guayaquil,Guayaquil,Litoral,2025-01-01,2025-02-01,229.05615043640137,Media,Alta,Alta,True
loja,Loja,Sierra,2025-01-01,2025-02-01,95.19630861282349,Media,Alta,Media,False
machala,Machala,Litoral,2025-01-01,2025-02-01,101.47986507415771,Media,Alta,Alta,True
portoviejo,Portoviejo,Litoral,2025-01-01,2025-02-01,197.3940963745117,Media,Alta,Alta,True
puyo,Puyo,Amazonía,2025-01-01,2025-02-01,76.80050086975098,Media,Alta,Alta,True
quito,Quito,Sierra,2025-01-01,2025-02-01,124.67749786376952,Alta,Alta,Alta,True
riobamba,Riobamba,Sierra,2025-01-01,2025-02-01,68.85808563232422,Media,Media,Media,True
salinas,Salinas,Litoral,2025-01-01,2025-02-01,71.421865940094,Baja,Alta,Baja,False
tena,Tena,Amazonía,2025-01-01,2025-02-01,109.76169323921204,Alta,Alta,Alta,True
babahoyo,Babahoyo,Litoral,2025-02-01,2025-03-01,174.16565704345703,Alta,Alta,Alta,True
cuenca,Cuenca,Sierra,2025-02-01,2025-03-01,82.08903217315674,Alta,Alta,Media,False
esmeraldas,Esmeraldas,Litoral,2025-02-01,2025-03-01,109.1961989402771,Alta,Alta,Alta,True
guayaquil,Guayaquil,Litoral,2025-02-01,2025-03-01,156.1463451385498,Alta,Alta,Alta,True
loja,Loja,Sierra,2025-02-01,2025-03-01,107.48863983154295,Alta,Alta,Alta,True
machala,Machala,Litoral,2025-02-01,2025-03-01,93.12454223632812,Alta,Alta,Alta,True
portoviejo,Portoviejo,Litoral,2025-02-01,2025-03-01,266.1256351470947,Alta,Alta,Alta,True
puyo,Puyo,Amazonía,2025-02-01,2025-03-01,91.7784538269043,Alta,Alta,Alta,True
quito,Quito,Sierra,2025-02-01,2025-03-01,100.55876445770264,Alta,Alta,Alta,True
riobamba,Riobamba,Sierra,2025-02-01,2025-03-01,74.51225090026855,Media,Alta,Media,False
salinas,Salinas,Litoral,2025-02-01,2025-03-01,78.13119506835938,Alta,Alta,Media,False
tena,Tena,Amazonía,2025-02-01,2025-03-01,157.52167797088623,Alta,Alta,Alta,True
babahoyo,Babahoyo,Litoral,2025-03-01,2025-04-01,173.43824195861816,Alta,Alta,Alta,True
cuenca,Cuenca,Sierra,2025-03-01,2025-04-01,60.96440744400024,Alta,Media,Media,True
esmeraldas,Esmeraldas,Litoral,2025-03-01,2025-04-01,114.70745849609376,Alta,Alta,Alta,True
guayaquil,Guayaquil,Litoral,2025-03-01,2025-04-01,124.64547443389893,Alta,Alta,Alta,True
loja,Loja,Sierra,2025-03-01,2025-04-01,80.27612686157227,Alta,Alta,Media,False
machala,Machala,Litoral,2025-03-01,2025-04-01,271.61328506469727,Alta,Alta,Media,False
portoviejo,Portoviejo,Litoral,2025-03-01,2025-04-01,84.63095760345459,Alta,Alta,Alta,True
puyo,Puyo,Amazonía,2025-03-01,2025-04-01,67.9085521697998,Alta,Media,Alta,False
quito,Quito,Sierra,2025-03-01,2025-04-01,84.84198093414307,Alta,Alta,Alta,True
riobamba,Riobamba,Sierra,2025-03-01,2025-04-01,75.29719638824463,Alta,Alta,Media,False
salinas,Salinas,Litoral,2025-03-01,2025-04-01,52.98842263221741,Alta,Media,Baja,False
tena,Tena,Amazonía,2025-03-01,2025-04-01,76.50186610221863,Alta,Alta,Alta,True
babahoyo,Babahoyo,Litoral,2025-04-01,2025-05-01,90.86767625808716,Alta,Alta,Alta,True
cuenca,Cuenca,Sierra,2025-04-01,2025-05-01,45.235271692276,Media,Media,Baja,False
esmeraldas,Esmeraldas,Litoral,2025-04-01,2025-05-01,98.5304446220398,Alta,Alta,Alta,True
guayaquil,Guayaquil,Litoral,2025-04-01,2025-05-01,55.29700803756714,Alta,Media,Alta,False
loja,Loja,Sierra,2025-04-01,2025-05-01,55.0449857711792,Alta,Media,Media,True
machala,Machala,Litoral,2025-04-01,2025-05-01,26.45599627494812,Alta,Baja,Alta,False
portoviejo,Portoviejo,Litoral,2025-04-01,2025-05-01,30.5795019865036,Alta,Baja,Media,False
puyo,Puyo,Amazonía,2025-04-01,2025-05-01,57.78547883033752,Media,Media,Alta,False
quito,Quito,Sierra,2025-04-01,2025-05-01,93.2366304397583,Alta,Alta,Alta,True
riobamba,Riobamba,Sierra,2025-04-01,2025-05-01,51.13476085662842,Alta,Media,Media,True
salinas,Salinas,Litoral,2025-04-01,2025-05-01,11.495722949504852,Media,Baja,Baja,True
tena,Tena,Amazonía,2025-04-01,2025-05-01,81.54764461517334,Alta,Alta,Alta,True
babahoyo,Babahoyo,Litoral,2025-05-01,2025-06-01,46.60523700714111,Alta,Media,Media,True
cuenca,Cuenca,Sierra,2025-05-01,2025-06-01,23.06437516212464,Media,Baja,Baja,True
esmeraldas,Esmeraldas,Litoral,2025-05-01,2025-06-01,46.53479427099228,Alta,Media,Alta,False
guayaquil,Guayaquil,Litoral,2025-05-01,2025-06-01,40.33799505233765,Media,Media,Media,True
loja,Loja,Sierra,2025-05-01,2025-06-01,39.151023864746094,Media,Media,Baja,False
machala,Machala,Litoral,2025-05-01,2025-06-01,15.879055202007294,Baja,Baja,Baja,True
portoviejo,Portoviejo,Litoral,2025-05-01,2025-06-01,8.060418248176575,Baja,Baja,Baja,True
puyo,Puyo,Amazonía,2025-05-01,2025-06-01,105.9834132194519,Media,Alta,Media,False
quito,Quito,Sierra,2025-05-01,2025-06-01,69.80485105514526,Alta,Media,Alta,False
riobamba,Riobamba,Sierra,2025-05-01,2025-06-01,31.974899530410767,Media,Baja,Baja,True
salinas,Salinas,Litoral,2025-05-01,2025-06-01,5.604329869151115,Baja,Baja,Baja,True
tena,Tena,Amazonía,2025-05-01,2025-06-01,191.71236991882324,Alta,Alta,Alta,True
babahoyo,Babahoyo,Litoral,2025-06-01,2025-07-01,28.40591788291931,Media,Baja,Media,False
cuenca,Cuenca,Sierra,2025-06-01,2025-07-01,62.17682075500488,Baja,Media,Baja,False
esmeraldas,Esmeraldas,Litoral,2025-06-01,2025-07-01,22.723768949508667,Media,Baja,Baja,True
guayaquil,Guayaquil,Litoral,2025-06-01,2025-07-01,23.40971851348877,Media,Baja,Baja,True
loja,Loja,Sierra,2025-06-01,2025-07-01,50.36667847633362,Media,Media,Baja,False
machala,Machala,Litoral,2025-06-01,2025-07-01,10.696582674980164,Baja,Baja,Baja,True
portoviejo,Portoviejo,Litoral,2025-06-01,2025-07-01,4.567283749580383,Baja,Baja,Baja,True
puyo,Puyo,Amazonía,2025-06-01,2025-07-01,164.00883054733276,Alta,Alta,Media,False
quito,Quito,Sierra,2025-06-01,2025-07-01,26.80696552991867,Media,Baja,Media,False
riobamba,Riobamba,Sierra,2025-06-01,2025-07-01,54.27294635772705,Baja,Media,Baja,False
salinas,Salinas,Litoral,2025-06-01,2025-07-01,7.44453552365303,Baja,Baja,Baja,True
tena,Tena,Amazonía,2025-06-01,2025-07-01,239.79226684570312,Alta,Alta,Alta,True
babahoyo,Babahoyo,Litoral,2025-07-01,2025-08-01,39.13729381561279,Baja,Media,Media,True
cuenca,Cuenca,Sierra,2025-07-01,2025-08-01,27.63910150527954,Media,Baja,Baja,True
esmeraldas,Esmeraldas,Litoral,2025-07-01,2025-08-01,20.382154524326324,Baja,Baja,Baja,True
guayaquil,Guayaquil,Litoral,2025-07-01,2025-08-01,29.242391765117645,Baja,Baja,Baja,True
loja,Loja,Sierra,2025-07-01,2025-08-01,37.36853933334351,Media,Media,Baja,False
machala,Machala,Litoral,2025-07-01,2025-08-01,6.672369062900543,Baja,Baja,Baja,True
portoviejo,Portoviejo,Litoral,2025-07-01,2025-08-01,9.471212685108185,Baja,Baja,Baja,True
puyo,Puyo,Amazonía,2025-07-01,2025-08-01,49.38372099399567,Alta,Media,Alta,False
quito,Quito,Sierra,2025-07-01,2025-08-01,63.47284412384033,Baja,Media,Media,True
riobamba,Riobamba,Sierra,2025-07-01,2025-08-01,27.204837799072266,Media,Baja,Baja,True
salinas,Salinas,Litoral,2025-07-01,2025-08-01,5.572575494647026,Baja,Baja,Baja,True
tena,Tena,Amazonía,2025-07-01,2025-08-01,52.32462024688721,Alta,Media,Alta,False
babahoyo,Babahoyo,Litoral,2025-08-01,2025-09-01,58.25918102264404,Media,Media,Media,True
cuenca,Cuenca,Sierra,2025-08-01,2025-09-01,37.61317682266235,Baja,Media,Baja,False
esmeraldas,Esmeraldas,Litoral,2025-08-01,2025-09-01,23.597135365009308,Baja,Baja,Baja,True
guayaquil,Guayaquil,Litoral,2025-08-01,2025-09-01,34.510719537734985,Baja,Baja,Baja,True
loja,Loja,Sierra,2025-08-01,2025-09-01,24.422712087631226,Media,Baja,Baja,True
machala,Machala,Litoral,2025-08-01,2025-09-01,10.211631536483765,Baja,Baja,Baja,True
portoviejo,Portoviejo,Litoral,2025-08-01,2025-09-01,9.167638441547751,Baja,Baja,Baja,True
puyo,Puyo,Amazonía,2025-08-01,2025-09-01,29.26252222061157,Media,Baja,Alta,False
quito,Quito,Sierra,2025-08-01,2025-09-01,82.58104038238525,Media,Alta,Media,False
riobamba,Riobamba,Sierra,2025-08-01,2025-09-01,44.72605895996094,Baja,Media,Baja,False
salinas,Salinas,Litoral,2025-08-01,2025-09-01,10.704827427864076,Baja,Baja,Baja,True
tena,Tena,Amazonía,2025-08-01,2025-09-01,92.7101789712906,Media,Alta,Media,False
babahoyo,Babahoyo,Litoral,2025-09-01,2025-10-01,69.64851999282837,Media,Media,Media,True
cuenca,Cuenca,Sierra,2025-09-01,2025-10-01,56.692697525024414,Media,Media,Media,True
esmeraldas,Esmeraldas,Litoral,2025-09-01,2025-10-01,22.62813007831573,Baja,Baja,Baja,True
guayaquil,Guayaquil,Litoral,2025-09-01,2025-10-01,51.889931201934814,Baja,Media,Baja,False
loja,Loja,Sierra,2025-09-01,2025-10-01,47.5990948677063,Baja,Media,Media,True
machala,Machala,Litoral,2025-09-01,2025-10-01,20.36327588558197,Baja,Baja,Baja,True
portoviejo,Portoviejo,Litoral,2025-09-01,2025-10-01,11.912006169557571,Baja,Baja,Baja,True
puyo,Puyo,Amazonía,2025-09-01,2025-10-01,75.41543102264404,Baja,Alta,Media,False
quito,Quito,Sierra,2025-09-01,2025-10-01,102.98578834533691,Alta,Alta,Alta,True
riobamba,Riobamba,Sierra,2025-09-01,2025-10-01,54.67068290710449,Media,Media,Media,True
salinas,Salinas,Litoral,2025-09-01,2025-10-01,16.739532828330994,Baja,Baja,Baja,True
tena,Tena,Amazonía,2025-09-01,2025-10-01,80.68466424942017,Alta,Alta,Alta,True
babahoyo,Babahoyo,Litoral,2025-10-01,2025-11-01,47.260958194732666,Media,Media,Media,True
cuenca,Cuenca,Sierra,2025-10-01,2025-11-01,68.08663177490234,Media,Media,Media,True
esmeraldas,Esmeraldas,Litoral,2025-10-01,2025-11-01,28.93078064918518,Baja,Baja,Baja,True
guayaquil,Guayaquil,Litoral,2025-10-01,2025-11-01,45.44459593296051,Media,Media,Baja,False
loja,Loja,Sierra,2025-10-01,2025-11-01,78.57651710510254,Media,Alta,Media,False
machala,Machala,Litoral,2025-10-01,2025-11-01,26.61227869987488,Baja,Baja,Baja,True
portoviejo,Portoviejo,Litoral,2025-10-01,2025-11-01,11.67793333530426,Baja,Baja,Baja,True
puyo,Puyo,Amazonía,2025-10-01,2025-11-01,43.90912914276123,Alta,Media,Alta,False
quito,Quito,Sierra,2025-10-01,2025-11-01,90.82709503173828,Alta,Alta,Alta,True
riobamba,Riobamba,Sierra,2025-10-01,2025-11-01,75.20188999176025,Media,Alta,Media,False
salinas,Salinas,Litoral,2025-10-01,2025-11-01,9.343099057674408,Baja,Baja,Baja,True
tena,Tena,Amazonía,2025-10-01,2025-11-01,52.6892147064209,Alta,Media,Alta,False
babahoyo,Babahoyo,Litoral,2025-11-01,2025-12-01,31.484392285346985,Media,Baja,Alta,False
cuenca,Cuenca,Sierra,2025-11-01,2025-12-01,154.64468717575073,Media,Alta,Media,False
esmeraldas,Esmeraldas,Litoral,2025-11-01,2025-12-01,20.15572476387024,Baja,Baja,Baja,True
guayaquil,Guayaquil,Litoral,2025-11-01,2025-12-01,9.842207573354244,Media,Baja,Baja,True
loja,Loja,Sierra,2025-11-01,2025-12-01,48.29869413375855,Alta,Media,Media,True
machala,Machala,Litoral,2025-11-01,2025-12-01,11.326793730258942,Baja,Baja,Media,False
portoviejo,Portoviejo,Litoral,2025-11-01,2025-12-01,5.651595026254654,Baja,Baja,Baja,True
puyo,Puyo,Amazonía,2025-11-01,2025-12-01,64.04040312767029,Media,Media,Alta,False
quito,Quito,Sierra,2025-11-01,2025-12-01,75.24891471862793,Alta,Alta,Alta,True
riobamba,Riobamba,Sierra,2025-11-01,2025-12-01,42.95237731933594,Alta,Media,Media,True
salinas,Salinas,Litoral,2025-11-01,2025-12-01,1.1235423049656674,Baja,Baja,Baja,True
tena,Tena,Amazonía,2025-11-01,2025-12-01,97.4112105369568,Media,Alta,Alta,True
