variable,lag,referencia_temporal,n_comparable,mutual_information_target_clase,spearman_target_rx5day,abs_spearman_target_rx5day,es_mismo_mes_anio_anterior_del_objetivo
prcptot_mm,0,t,3732,0.30115846646946953,0.7304049115898229,0.7304049115898229,False
prcptot_mm,1,t-1,3732,0.13188120917104085,0.5269999153654004,0.5269999153654004,False
prcptot_mm,2,t-2,3732,0.07325274971555662,0.33369377121024046,0.33369377121024046,False
prcptot_mm,3,t-3,3732,0.008679685393356618,0.18017630639942084,0.18017630639942084,False
prcptot_mm,4,t-4,3732,0.002467317275262282,0.06660110868940133,0.06660110868940133,False
prcptot_mm,5,t-5,3732,0.013836008835283575,0.03336547413283842,0.03336547413283842,False
prcptot_mm,6,t-6,3732,0.02019168117405412,0.07270059097397698,0.07270059097397698,False
prcptot_mm,7,t-7,3732,0.03146464811186056,0.16203594915177041,0.16203594915177041,False
prcptot_mm,8,t-8,3732,0.048628426012304216,0.3002967049437048,0.3002967049437048,False
prcptot_mm,9,t-9,3732,0.13410622996856114,0.46744219950365234,0.46744219950365234,False
prcptot_mm,10,t-10,3732,0.20357083728516323,0.6282816526050375,0.6282816526050375,False
prcptot_mm,11,t-11,3732,0.2774114799578822,0.7057767483966955,0.7057767483966955,True
prcptot_mm,12,t-12,3732,0.19471163140927006,0.6159482873933567,0.6159482873933567,False
rx1day_mm,0,t,3732,0.2172902339560796,0.6726449962898561,0.6726449962898561,False
rx1day_mm,1,t-1,3732,0.11457816433688084,0.49489265957497347,0.49489265957497347,False
rx1day_mm,2,t-2,3732,0.03772174662345784,0.3185310367831027,0.3185310367831027,False
rx1day_mm,3,t-3,3732,0.022477993275939356,0.17082716130424275,0.17082716130424275,False
rx1day_mm,4,t-4,3732,0.002932861898181649,0.058783590264930095,0.058783590264930095,False
rx1day_mm,5,t-5,3732,0.011627771859295422,0.014224397731840449,0.014224397731840449,False
rx1day_mm,6,t-6,3732,0.004423025824908056,0.03607598076153543,0.03607598076153543,False
rx1day_mm,7,t-7,3732,0.013956812879770464,0.12997167115551134,0.12997167115551134,False
rx1day_mm,8,t-8,3732,0.019843679144063042,0.26017144549034904,0.26017144549034904,False
rx1day_mm,9,t-9,3732,0.09636736482989594,0.41608907464740397,0.41608907464740397,False
rx1day_mm,10,t-10,3732,0.17297463267423185,0.5683233742519597,0.5683233742519597,False
rx1day_mm,11,t-11,3732,0.2300109140301474,0.6401876133314813,0.6401876133314813,True
rx1day_mm,12,t-12,3732,0.16114827244403296,0.5686044923666895,0.5686044923666895,False
rx5day_mm,0,t,3732,0.24282812626247852,0.7056693525778075,0.7056693525778075,False
rx5day_mm,1,t-1,3732,0.134578375994298,0.5133077686283569,0.5133077686283569,False
rx5day_mm,2,t-2,3732,0.054130372620135425,0.32634821791130486,0.32634821791130486,False
rx5day_mm,3,t-3,3732,0.016736850549757598,0.17351729094745294,0.17351729094745294,False
rx5day_mm,4,t-4,3732,0.005686102171068352,0.06538030726459412,0.06538030726459412,False
rx5day_mm,5,t-5,3732,0.008185764799468753,0.026600725478883463,0.026600725478883463,False
rx5day_mm,6,t-6,3732,0.0,0.05687959345605165,0.05687959345605165,False
rx5day_mm,7,t-7,3732,0.01756137061069385,0.1513154907978335,0.1513154907978335,False
rx5day_mm,8,t-8,3732,0.047709893367018585,0.29063922516013163,0.29063922516013163,False
rx5day_mm,9,t-9,3732,0.09443959836579574,0.45681709273103743,0.45681709273103743,False
rx5day_mm,10,t-10,3732,0.19768510303542342,0.6136392390537629,0.6136392390537629,False
rx5day_mm,11,t-11,3732,0.2628931262007457,0.685235943599464,0.685235943599464,True
rx5day_mm,12,t-12,3732,0.1949204541316596,0.6003943719997274,0.6003943719997274,False
wet_days,0,t,3732,0.16500420571124863,0.5792655150188716,0.5792655150188716,False
wet_days,1,t-1,3732,0.10543182781608107,0.42598643366571215,0.42598643366571215,False
wet_days,2,t-2,3732,0.03801318761107786,0.2710884888434071,0.2710884888434071,False
wet_days,3,t-3,3732,0.012778509497808344,0.1679774048605427,0.1679774048605427,False
wet_days,4,t-4,3732,0.0,0.0829321084420955,0.0829321084420955,False
wet_days,5,t-5,3732,0.01901731417524566,0.07487645024562138,0.07487645024562138,False
wet_days,6,t-6,3732,0.01920238823270548,0.12125722739919961,0.12125722739919961,False
wet_days,7,t-7,3732,0.018332579685397477,0.18432065100428416,0.18432065100428416,False
wet_days,8,t-8,3732,0.06133270912810662,0.2936159252607377,0.2936159252607377,False
wet_days,9,t-9,3732,0.09226451854583018,0.41404169820216014,0.41404169820216014,False
wet_days,10,t-10,3732,0.165948568204195,0.5218390737138955,0.5218390737138955,False
wet_days,11,t-11,3732,0.1673969609755348,0.5701124484464783,0.5701124484464783,True
wet_days,12,t-12,3732,0.12178905116807548,0.48741723342530774,0.48741723342530774,False
r10mm_days,0,t,3732,0.2616219842922114,0.6955546883670766,0.6955546883670766,False
r10mm_days,1,t-1,3732,0.13180859778212572,0.5001731845049141,0.5001731845049141,False
r10mm_days,2,t-2,3732,0.038014292987341936,0.3172544098638894,0.3172544098638894,False
r10mm_days,3,t-3,3732,0.0,0.1619841809274766,0.1619841809274766,False
r10mm_days,4,t-4,3732,0.0,0.04992970030661673,0.04992970030661673,False
r10mm_days,5,t-5,3732,0.007041490514891002,0.016275395651068773,0.016275395651068773,False
r10mm_days,6,t-6,3732,0.0016514297434442327,0.04591168216453959,0.04591168216453959,False
r10mm_days,7,t-7,3732,0.01716040470410851,0.1336162598831223,0.1336162598831223,False
r10mm_days,8,t-8,3732,0.025066945497807636,0.2676087415048001,0.2676087415048001,False
r10mm_days,9,t-9,3732,0.10480222469193423,0.43490291428023264,0.43490291428023264,False
r10mm_days,10,t-10,3732,0.17322156272879852,0.5957643820889429,0.5957643820889429,False
r10mm_days,11,t-11,3732,0.2567052409795325,0.6704560658512315,0.6704560658512315,True
r10mm_days,12,t-12,3732,0.18791911337074274,0.5850297009993558,0.5850297009993558,False
r20mm_days,0,t,3732,0.1859668970368229,0.6081135759595537,0.6081135759595537,False
r20mm_days,1,t-1,3732,0.08834407995505544,0.4449508169186968,0.4449508169186968,False
r20mm_days,2,t-2,3732,0.02536314763404568,0.2822355252827046,0.2822355252827046,False
r20mm_days,3,t-3,3732,0.0,0.14910042123826156,0.14910042123826156,False
r20mm_days,4,t-4,3732,0.0,0.05206175074930292,0.05206175074930292,False
r20mm_days,5,t-5,3732,0.005209076139460755,0.02489964270502611,0.02489964270502611,False
r20mm_days,6,t-6,3732,0.0,0.039753344334824144,0.039753344334824144,False
r20mm_days,7,t-7,3732,0.0,0.11920398981130734,0.11920398981130734,False
r20mm_days,8,t-8,3732,0.010715625621385616,0.2206290674776555,0.2206290674776555,False
r20mm_days,9,t-9,3732,0.06014476296226534,0.3618183572995817,0.3618183572995817,False
r20mm_days,10,t-10,3732,0.10961292242345677,0.505155188023114,0.505155188023114,False
r20mm_days,11,t-11,3732,0.143457275614973,0.5644500571993718,0.5644500571993718,True
r20mm_days,12,t-12,3732,0.11111606335507762,0.5025914819951949,0.5025914819951949,False
sdii_mm_per_wet_day,0,t,3732,0.24622420767058495,0.6746448440411617,0.6746448440411617,False
sdii_mm_per_wet_day,1,t-1,3732,0.11323392295174672,0.4835761114726303,0.4835761114726303,False
sdii_mm_per_wet_day,2,t-2,3732,0.027538786640627366,0.3023723544177948,0.3023723544177948,False
sdii_mm_per_wet_day,3,t-3,3732,0.0,0.14518102085797793,0.14518102085797793,False
sdii_mm_per_wet_day,4,t-4,3732,0.0,0.0320789801371983,0.0320789801371983,False
sdii_mm_per_wet_day,5,t-5,3732,0.008367703879396338,-0.008097830429058534,0.008097830429058534,False
sdii_mm_per_wet_day,6,t-6,3732,0.01603928240593122,0.015178779306026008,0.015178779306026008,False
sdii_mm_per_wet_day,7,t-7,3732,0.01772627449845743,0.09971278271433937,0.09971278271433937,False
sdii_mm_per_wet_day,8,t-8,3732,0.02781381007816308,0.22724002510039482,0.22724002510039482,False
sdii_mm_per_wet_day,9,t-9,3732,0.09368383022531734,0.39656076554025266,0.39656076554025266,False
sdii_mm_per_wet_day,10,t-10,3732,0.1589423047024261,0.5638447820438705,0.5638447820438705,False
sdii_mm_per_wet_day,11,t-11,3732,0.23327268317837757,0.6472744068686471,0.6472744068686471,True
sdii_mm_per_wet_day,12,t-12,3732,0.1661850813420378,0.5672831126245018,0.5672831126245018,False
cwd_days,0,t,3732,0.19024182219741648,0.5810340781571717,0.5810340781571717,False
cwd_days,1,t-1,3732,0.08968381470784492,0.4317104152396381,0.4317104152396381,False
cwd_days,2,t-2,3732,0.04044083392881315,0.2817742082524559,0.2817742082524559,False
cwd_days,3,t-3,3732,0.00481606210592167,0.15476508466962607,0.15476508466962607,False
cwd_days,4,t-4,3732,0.0,0.06662439660908583,0.06662439660908583,False
cwd_days,5,t-5,3732,0.022880767516246125,0.04134946132260039,0.04134946132260039,False
cwd_days,6,t-6,3732,0.01787891193632829,0.08478179216461602,0.08478179216461602,False
cwd_days,7,t-7,3732,0.013700726570351485,0.14799954114325747,0.14799954114325747,False
cwd_days,8,t-8,3732,0.04222800451489128,0.2598916919506586,0.2598916919506586,False
cwd_days,9,t-9,3732,0.08300788844396934,0.39180732615915437,0.39180732615915437,False
cwd_days,10,t-10,3732,0.13648673086624674,0.5175159137941193,0.5175159137941193,False
cwd_days,11,t-11,3732,0.18455541766210226,0.5774775600271713,0.5774775600271713,True
cwd_days,12,t-12,3732,0.12127444747442695,0.49776332381747684,0.49776332381747684,False
cdd_days,0,t,3732,0.16029005487191395,-0.5480636036227778,0.5480636036227778,False
cdd_days,1,t-1,3732,0.07175759001351323,-0.3910297047274038,0.3910297047274038,False
cdd_days,2,t-2,3732,0.010483746668374039,-0.24265440805209026,0.24265440805209026,False
cdd_days,3,t-3,3732,0.0,-0.13235008698962372,0.13235008698962372,False
cdd_days,4,t-4,3732,0.002180807199202661,-0.05961435422890669,0.05961435422890669,False
cdd_days,5,t-5,3732,0.00428713103488132,-0.05512190018541786,0.05512190018541786,False
cdd_days,6,t-6,3732,0.009967131805561191,-0.10946014415262174,0.10946014415262174,False
cdd_days,7,t-7,3732,0.02488231761595361,-0.19293123791011316,0.19293123791011316,False
cdd_days,8,t-8,3732,0.05543324274809036,-0.28078855588849805,0.28078855588849805,False
cdd_days,9,t-9,3732,0.08347937849518328,-0.391107510679887,0.391107510679887,False
cdd_days,10,t-10,3732,0.12154703756390539,-0.49745385336359993,0.49745385336359993,False
cdd_days,11,t-11,3732,0.1608170557377604,-0.5445315317748857,0.5445315317748857,True
cdd_days,12,t-12,3732,0.09972159921234613,-0.461113802846922,0.461113802846922,False
temperature_mean_c,0,t,3732,0.06108621378910817,0.11428217268886558,0.11428217268886558,False
temperature_mean_c,1,t-1,3732,0.03279920608897746,0.07070282353143545,0.07070282353143545,False
temperature_mean_c,2,t-2,3732,0.04343093233764117,0.005044532120668132,0.005044532120668132,False
temperature_mean_c,3,t-3,3732,0.05312208185508904,-0.059580279831496545,0.059580279831496545,False
temperature_mean_c,4,t-4,3732,0.0921010932016526,-0.10654649015897875,0.10654649015897875,False
temperature_mean_c,5,t-5,3732,0.1166083014286472,-0.1325823302475593,0.1325823302475593,False
temperature_mean_c,6,t-6,3732,0.10249721730331873,-0.12816574958679128,0.12816574958679128,False
temperature_mean_c,7,t-7,3732,0.08892069684018433,-0.094157218668687,0.094157218668687,False
temperature_mean_c,8,t-8,3732,0.05403583616304286,-0.0332130080333592,0.0332130080333592,False
temperature_mean_c,9,t-9,3732,0.03361818268857086,0.02952846702094706,0.02952846702094706,False
temperature_mean_c,10,t-10,3732,0.026370250037168308,0.07838400470751165,0.07838400470751165,False
temperature_mean_c,11,t-11,3732,0.04048937877203018,0.10034055032716009,0.10034055032716009,True
temperature_mean_c,12,t-12,3732,0.048353920084710955,0.0903390648374129,0.0903390648374129,False
dewpoint_mean_c,0,t,3732,0.059630118713916325,0.2096216124804709,0.2096216124804709,False
dewpoint_mean_c,1,t-1,3732,0.05260272988803294,0.11871271888146721,0.11871271888146721,False
dewpoint_mean_c,2,t-2,3732,0.04301611129491767,0.019961473966307153,0.019961473966307153,False
dewpoint_mean_c,3,t-3,3732,0.07167977692604888,-0.06390177888146793,0.06390177888146793,False
dewpoint_mean_c,4,t-4,3732,0.12688476750514566,-0.1205483666472303,0.1205483666472303,False
dewpoint_mean_c,5,t-5,3732,0.11893741987445106,-0.13302417592152105,0.13302417592152105,False
dewpoint_mean_c,6,t-6,3732,0.10221837154342661,-0.09880453446339321,0.09880453446339321,False
dewpoint_mean_c,7,t-7,3732,0.0655238574844379,-0.03531396179813215,0.03531396179813215,False
dewpoint_mean_c,8,t-8,3732,0.04323181326823766,0.05115753239477698,0.05115753239477698,False
dewpoint_mean_c,9,t-9,3732,0.05565804667497409,0.13410796158712618,0.13410796158712618,False
dewpoint_mean_c,10,t-10,3732,0.0642367822653438,0.197166681861246,0.197166681861246,False
dewpoint_mean_c,11,t-11,3732,0.06583843112645904,0.21343758787781797,0.21343758787781797,True
dewpoint_mean_c,12,t-12,3732,0.05884852754700742,0.1658137813007716,0.1658137813007716,False
relative_humidity_mean_pct,0,t,3732,0.07404369464661875,0.3873981429051222,0.3873981429051222,False
relative_humidity_mean_pct,1,t-1,3732,0.020601242419271415,0.20176747155934152,0.20176747155934152,False
relative_humidity_mean_pct,2,t-2,3732,0.0,0.061117402799622834,0.061117402799622834,False
relative_humidity_mean_pct,3,t-3,3732,0.008111975693806617,-0.030176778041508333,0.030176778041508333,False
relative_humidity_mean_pct,4,t-4,3732,0.013891945404620465,-0.08156245045030922,0.08156245045030922,False
relative_humidity_mean_pct,5,t-5,3732,0.006369435905960508,-0.06181208736968778,0.06181208736968778,False
relative_humidity_mean_pct,6,t-6,3732,0.0008167134859995429,0.023988326278689593,0.023988326278689593,False
relative_humidity_mean_pct,7,t-7,3732,0.008806893169514662,0.13105859557151378,0.13105859557151378,False
relative_humidity_mean_pct,8,t-8,3732,0.01424122469104594,0.23445637634181554,0.23445637634181554,False
relative_humidity_mean_pct,9,t-9,3732,0.06118221056561812,0.34819889917094327,0.34819889917094327,False
relative_humidity_mean_pct,10,t-10,3732,0.11314010492501336,0.42765705201678306,0.42765705201678306,False
relative_humidity_mean_pct,11,t-11,3732,0.10558677368368197,0.4250951236221373,0.4250951236221373,True
relative_humidity_mean_pct,12,t-12,3732,0.04754370975487854,0.29470135602473657,0.29470135602473657,False
wind_mean_ms,0,t,3732,0.21577682684293142,-0.609731511263931,0.609731511263931,False
wind_mean_ms,1,t-1,3732,0.14857950599850112,-0.509986516290315,0.509986516290315,False
wind_mean_ms,2,t-2,3732,0.11168640202052615,-0.39855160004542556,0.39855160004542556,False
wind_mean_ms,3,t-3,3732,0.10201683317947108,-0.30375446331890626,0.30375446331890626,False
wind_mean_ms,4,t-4,3732,0.09381972444853903,-0.24360829199377032,0.24360829199377032,False
wind_mean_ms,5,t-5,3732,0.08575043531236659,-0.22707886137592595,0.22707886137592595,False
wind_mean_ms,6,t-6,3732,0.06809328645592827,-0.2570165906186612,0.2570165906186612,False
wind_mean_ms,7,t-7,3732,0.07737250915940286,-0.31819695673464143,0.31819695673464143,False
wind_mean_ms,8,t-8,3732,0.09412305767256468,-0.4047766606170344,0.4047766606170344,False
wind_mean_ms,9,t-9,3732,0.15506935610154948,-0.5067259552042424,0.5067259552042424,False
wind_mean_ms,10,t-10,3732,0.21563896299364216,-0.59205429495485,0.59205429495485,False
wind_mean_ms,11,t-11,3732,0.25134452231465776,-0.6292198843534038,0.6292198843534038,True
wind_mean_ms,12,t-12,3732,0.18549242088717843,-0.5782211514717583,0.5782211514717583,False
surface_pressure_mean_hpa,0,t,3732,0.2846696760427674,-0.15181647408691393,0.15181647408691393,False
surface_pressure_mean_hpa,1,t-1,3732,0.2634284157922482,-0.14699826574831512,0.14699826574831512,False
surface_pressure_mean_hpa,2,t-2,3732,0.2129040991800819,-0.13506814851127888,0.13506814851127888,False
surface_pressure_mean_hpa,3,t-3,3732,0.18155259067896523,-0.12002778763677073,0.12002778763677073,False
surface_pressure_mean_hpa,4,t-4,3732,0.19630990905019896,-0.10565953651926603,0.10565953651926603,False
surface_pressure_mean_hpa,5,t-5,3732,0.24924466711452098,-0.09462044544431125,0.09462044544431125,False
surface_pressure_mean_hpa,6,t-6,3732,0.24310202486441668,-0.09102873326090329,0.09102873326090329,False
surface_pressure_mean_hpa,7,t-7,3732,0.22773715836072217,-0.09400158830275918,0.09400158830275918,False
surface_pressure_mean_hpa,8,t-8,3732,0.2016833998529568,-0.10634251155418246,0.10634251155418246,False
surface_pressure_mean_hpa,9,t-9,3732,0.19537473721484466,-0.12122583614071537,0.12122583614071537,False
surface_pressure_mean_hpa,10,t-10,3732,0.21668975694784964,-0.13520502991173322,0.13520502991173322,False
surface_pressure_mean_hpa,11,t-11,3732,0.26463644242915274,-0.14486721551384957,0.14486721551384957,True
surface_pressure_mean_hpa,12,t-12,3732,0.24510491482594454,-0.1447169360395503,0.1447169360395503,False
